Name,Taxon,CTTACT|6|2|15,ACTGAT|6|7|19,GATGGC|6|12|24,ATTTCAC|7|3|205,TCTTGAT|7|5|75,TATTAAC|7|9|15,TATTATA|7|9|35,ATCTGCG|7|19|117,TACTTTA|7|25|163,TGCTGGA|7|29|83,ATACGTT|7|99|105,ATACTAG|7|99|133,GCACCGC|7|104|222,TGACGCC|7|109|127,TTGCTAC|7|113|143,CTTACGT|7|130|220,ACCACAG|7|151|197,CAAACGA|7|170|212,CGAACCC|7|174|256,CTGATCA|7|178|180,ACGACCC|7|183|253,CATGCTA|7|202|228,TACGCTA|7|217|227
CP096201.1,0,1,-1,1,1,1,1,1,1,-1,1,1,1,-1,-1,1,1,-1,1,1,-1,1,1,1
CP082841.1,0,1,-1,1,1,1,1,1,1,-1,1,1,1,-1,-1,1,1,-1,1,1,-1,1,1,1
CP022114.1,0,1,-1,1,1,1,1,1,1,-1,1,1,1,-1,-1,1,1,-1,1,1,-1,1,1,1
CP134165.1,0,1,-1,1,1,1,1,1,1,-1,1,1,1,-1,-1,1,1,-1,1,1,-1,1,1,1
CP123488.1,0,1,-1,1,1,1,1,1,1,-1,1,1,1,-1,-1,1,1,-1,1,1,-1,1,1,1
CP096201.1,0,1,-1,1,1,1,1,1,1,-1,1,1,1,-1,-1,1,1,-1,1,1,-1,1,1,1
CP082841.1,0,1,-1,1,1,1,1,1,1,-1,1,1,1,-1,-1,1,1,-1,1,1,-1,1,1,1
CP022114.1,0,1,-1,1,1,1,1,1,1,-1,1,1,1,-1,-1,1,1,-1,1,1,-1,1,1,1
CP134165.1,0,1,-1,1,1,1,1,1,1,-1,1,1,1,-1,-1,1,1,-1,1,1,-1,1,1,1
CP123488.1,0,1,-1,1,1,1,1,1,1,-1,1,1,1,-1,-1,1,1,-1,1,1,-1,1,1,1
CP087880.1,0,1,-1,-1,-1,1,-1,-1,1,1,1,1,-1,1,1,-1,1,-1,1,-1,1,-1,1,-1
CP054058.1,0,1,1,-1,-1,-1,-1,-1,-1,1,1,1,1,1,-1,1,1,-1,1,1,1,1,-1,-1
CP119754.1,0,1,-1,1,1,1,1,1,1,1,-1,-1,-1,-1,1,-1,-1,-1,1,-1,-1,-1,1,-1
AP028957.1,0,1,-1,-1,-1,-1,1,1,1,1,-1,1,1,1,-1,-1,-1,1,-1,1,1,1,1,-1
LR134136.1,0,1,-1,-1,-1,-1,1,1,1,1,-1,1,1,1,-1,-1,-1,1,-1,1,1,1,1,-1
CP016337.1,0,-1,1,-1,-1,-1,-1,-1,-1,1,1,-1,-1,1,1,1,1,1,-1,-1,-1,-1,-1,-1
CP014007.2,0,-1,1,-1,-1,-1,-1,-1,-1,1,1,-1,-1,1,1,1,1,1,-1,-1,-1,-1,-1,-1
CP137744.1,0,-1,1,-1,-1,-1,-1,-1,-1,1,1,-1,-1,1,1,1,1,1,-1,-1,-1,-1,-1,-1
CP040392.1,0,-1,1,-1,-1,-1,-1,-1,-1,1,1,-1,-1,1,1,1,1,1,-1,-1,-1,-1,-1,-1
CP034225.1,0,-1,1,-1,-1,-1,-1,-1,-1,1,1,-1,-1,1,1,1,1,1,-1,-1,-1,-1,-1,-1
CP115659.1,0,-1,1,-1,-1,-1,-1,-1,-1,1,1,-1,-1,1,1,1,1,1,-1,-1,-1,-1,-1,-1
CP063425.1,0,-1,1,-1,-1,-1,-1,-1,-1,1,1,-1,-1,1,1,1,1,1,-1,-1,-1,-1,-1,-1
CP106754.1,0,-1,1,-1,-1,-1,-1,-1,-1,1,1,-1,-1,1,1,1,1,1,-1,-1,-1,-1,-1,-1
CP045300.1,0,-1,1,-1,-1,-1,-1,-1,-1,1,1,-1,-1,1,1,1,1,1,-1,-1,-1,-1,-1,-1
CP065358.1,0,-1,1,-1,-1,-1,-1,-1,-1,1,1,-1,-1,1,1,1,1,1,-1,-1,-1,-1,-1,-1
CP160410.1,0,-1,1,-1,-1,-1,-1,-1,-1,1,1,-1,-1,1,1,1,1,1,-1,-1,-1,-1,-1,-1
CP016337.1,0,-1,1,-1,-1,-1,-1,-1,-1,1,1,-1,-1,1,1,1,1,1,-1,-1,-1,-1,-1,-1
CP014007.2,0,-1,1,-1,-1,-1,-1,-1,-1,1,1,-1,-1,1,1,1,1,1,-1,-1,-1,-1,-1,-1
CP137744.1,0,-1,1,-1,-1,-1,-1,-1,-1,1,1,-1,-1,1,1,1,1,1,-1,-1,-1,-1,-1,-1
CP040392.1,0,-1,1,-1,-1,-1,-1,-1,-1,1,1,-1,-1,1,1,1,1,1,-1,-1,-1,-1,-1,-1
CP034225.1,0,-1,1,-1,-1,-1,-1,-1,-1,1,1,-1,-1,1,1,1,1,1,-1,-1,-1,-1,-1,-1
CP115659.1,0,-1,1,-1,-1,-1,-1,-1,-1,1,1,-1,-1,1,1,1,1,1,-1,-1,-1,-1,-1,-1
CP063425.1,0,-1,1,-1,-1,-1,-1,-1,-1,1,1,-1,-1,1,1,1,1,1,-1,-1,-1,-1,-1,-1
CP106754.1,0,-1,1,-1,-1,-1,-1,-1,-1,1,1,-1,-1,1,1,1,1,1,-1,-1,-1,-1,-1,-1
CP045300.1,0,-1,1,-1,-1,-1,-1,-1,-1,1,1,-1,-1,1,1,1,1,1,-1,-1,-1,-1,-1,-1
CP065358.1,0,-1,1,-1,-1,-1,-1,-1,-1,1,1,-1,-1,1,1,1,1,1,-1,-1,-1,-1,-1,-1
CP160410.1,0,-1,1,-1,-1,-1,-1,-1,-1,1,1,-1,-1,1,1,1,1,1,-1,-1,-1,-1,-1,-1
CP016337.1,0,-1,1,-1,-1,-1,-1,-1,-1,1,1,-1,-1,1,1,1,1,1,-1,-1,-1,-1,-1,-1
CP014007.2,0,-1,1,-1,-1,-1,-1,-1,-1,1,1,-1,-1,1,1,1,1,1,-1,-1,-1,-1,-1,-1
CP137744.1,0,-1,1,-1,-1,-1,-1,-1,-1,1,1,-1,-1,1,1,1,1,1,-1,-1,-1,-1,-1,-1
CP040392.1,0,-1,1,-1,-1,-1,-1,-1,-1,1,1,-1,-1,1,1,1,1,1,-1,-1,-1,-1,-1,-1
CP034225.1,0,-1,1,-1,-1,-1,-1,-1,-1,1,1,-1,-1,1,1,1,1,1,-1,-1,-1,-1,-1,-1
CP115659.1,0,-1,1,-1,-1,-1,-1,-1,-1,1,1,-1,-1,1,1,1,1,1,-1,-1,-1,-1,-1,-1
CP063425.1,0,-1,1,-1,-1,-1,-1,-1,-1,1,1,-1,-1,1,1,1,1,1,-1,-1,-1,-1,-1,-1
CP106754.1,0,-1,1,-1,-1,-1,-1,-1,-1,1,1,-1,-1,1,1,1,1,1,-1,-1,-1,-1,-1,-1
CP045300.1,0,-1,1,-1,-1,-1,-1,-1,-1,1,1,-1,-1,1,1,1,1,1,-1,-1,-1,-1,-1,-1
CP065358.1,0,-1,1,-1,-1,-1,-1,-1,-1,1,1,-1,-1,1,1,1,1,1,-1,-1,-1,-1,-1,-1
CP160410.1,0,-1,1,-1,-1,-1,-1,-1,-1,1,1,-1,-1,1,1,1,1,1,-1,-1,-1,-1,-1,-1
CP016337.1,0,-1,1,-1,-1,-1,-1,-1,-1,1,1,-1,-1,1,1,1,1,1,-1,-1,-1,-1,-1,-1
CP014007.2,0,-1,1,-1,-1,-1,-1,-1,-1,1,1,-1,-1,1,1,1,1,1,-1,-1,-1,-1,-1,-1
CP137744.1,0,-1,1,-1,-1,-1,-1,-1,-1,1,1,-1,-1,1,1,1,1,1,-1,-1,-1,-1,-1,-1
CP040392.1,0,-1,1,-1,-1,-1,-1,-1,-1,1,1,-1,-1,1,1,1,1,1,-1,-1,-1,-1,-1,-1
CP034225.1,0,-1,1,-1,-1,-1,-1,-1,-1,1,1,-1,-1,1,1,1,1,1,-1,-1,-1,-1,-1,-1
CP115659.1,0,-1,1,-1,-1,-1,-1,-1,-1,1,1,-1,-1,1,1,1,1,1,-1,-1,-1,-1,-1,-1
CP063425.1,0,-1,1,-1,-1,-1,-1,-1,-1,1,1,-1,-1,1,1,1,1,1,-1,-1,-1,-1,-1,-1
CP106754.1,0,-1,1,-1,-1,-1,-1,-1,-1,1,1,-1,-1,1,1,1,1,1,-1,-1,-1,-1,-1,-1
CP045300.1,0,-1,1,-1,-1,-1,-1,-1,-1,1,1,-1,-1,1,1,1,1,1,-1,-1,-1,-1,-1,-1
CP065358.1,0,-1,1,-1,-1,-1,-1,-1,-1,1,1,-1,-1,1,1,1,1,1,-1,-1,-1,-1,-1,-1
CP160410.1,0,-1,1,-1,-1,-1,-1,-1,-1,1,1,-1,-1,1,1,1,1,1,-1,-1,-1,-1,-1,-1
CP016337.1,0,-1,1,-1,-1,-1,-1,-1,-1,1,1,-1,-1,1,1,1,1,1,-1,-1,-1,-1,-1,-1
CP014007.2,0,-1,1,-1,-1,-1,-1,-1,-1,1,1,-1,-1,1,1,1,1,1,-1,-1,-1,-1,-1,-1
CP137744.1,0,-1,1,-1,-1,-1,-1,-1,-1,1,1,-1,-1,1,1,1,1,1,-1,-1,-1,-1,-1,-1
CP040392.1,0,-1,1,-1,-1,-1,-1,-1,-1,1,1,-1,-1,1,1,1,1,1,-1,-1,-1,-1,-1,-1
CP034225.1,0,-1,1,-1,-1,-1,-1,-1,-1,1,1,-1,-1,1,1,1,1,1,-1,-1,-1,-1,-1,-1
CP115659.1,0,-1,1,-1,-1,-1,-1,-1,-1,1,1,-1,-1,1,1,1,1,1,-1,-1,-1,-1,-1,-1
CP063425.1,0,-1,1,-1,-1,-1,-1,-1,-1,1,1,-1,-1,1,1,1,1,1,-1,-1,-1,-1,-1,-1
CP106754.1,0,-1,1,-1,-1,-1,-1,-1,-1,1,1,-1,-1,1,1,1,1,1,-1,-1,-1,-1,-1,-1
CP045300.1,0,-1,1,-1,-1,-1,-1,-1,-1,1,1,-1,-1,1,1,1,1,1,-1,-1,-1,-1,-1,-1
CP065358.1,0,-1,1,-1,-1,-1,-1,-1,-1,1,1,-1,-1,1,1,1,1,1,-1,-1,-1,-1,-1,-1
CP160410.1,0,-1,1,-1,-1,-1,-1,-1,-1,1,1,-1,-1,1,1,1,1,1,-1,-1,-1,-1,-1,-1
CP062196.1,0,-1,-1,-1,1,1,1,1,1,-1,-1,1,2,-1,-1,-1,-1,-1,2,-1,1,-2,-1,1
LR134201.1,0,-1,-1,1,1,1,-1,-1,1,-1,-1,1,1,1,-1,-1,1,-1,1,1,1,-1,1,1
CP172054.1,0,-1,-1,1,1,1,-1,-1,1,-1,-1,1,1,1,-1,-1,1,-1,1,1,1,-1,1,1
CP134767.1,0,-1,-1,1,1,1,-1,-1,1,-1,-1,1,1,1,-1,-1,1,-1,1,1,1,-1,1,1
LR134201.1,0,-1,-1,1,1,1,-1,-1,1,-1,-1,1,1,1,-1,-1,1,-1,1,1,1,-1,1,1
CP172054.1,0,-1,-1,1,1,1,-1,-1,1,-1,-1,1,1,1,-1,-1,1,-1,1,1,1,-1,1,1
CP134767.1,0,-1,-1,1,1,1,-1,-1,1,-1,-1,1,1,1,-1,-1,1,-1,1,1,1,-1,1,1
CP167917.1,0,1,1,1,1,1,-1,-1,1,1,-1,1,1,-1,-1,-1,-1,-1,1,1,1,1,1,1
CP126604.1,0,-1,1,-1,-1,-1,-1,-1,-1,1,1,-1,-1,1,1,1,1,1,-1,-1,-1,-1,-1,-1
CP162152.1,0,-1,1,-1,-1,-1,-1,-1,-1,1,1,-1,-1,1,1,1,1,1,-1,-1,-1,-1,-1,-1
CP123376.1,0,-1,1,-1,-1,-1,-1,-1,-1,1,1,-1,-1,1,1,1,1,1,-1,-1,-1,-1,-1,-1
CP025225.1,0,-1,1,-1,-1,-1,-1,-1,-1,1,1,-1,-1,1,1,1,1,1,-1,-1,-1,-1,-1,-1
CP056779.1,0,-1,1,-1,-1,-1,-1,-1,-1,1,1,-1,-1,1,1,1,1,1,-1,-1,-1,-1,-1,-1
CP020525.1,0,-1,1,-1,-1,-1,-1,-1,-1,1,1,-1,-1,1,1,1,1,1,-1,-1,-1,-1,-1,-1
AP019007.1,0,-1,1,-1,-1,-1,-1,-1,-1,1,1,-1,-1,1,1,1,1,1,-1,-1,-1,-1,-1,-1
CP011581.1,0,-1,1,-1,-1,-1,-1,-1,-1,1,1,-1,-1,1,1,1,1,1,-1,-1,-1,-1,-1,-1
CP020817.3,0,-1,1,-1,-1,-1,-1,-1,-1,1,1,-1,-1,1,1,1,1,1,-1,-1,-1,-1,-1,-1
CP143717.1,0,-1,1,-1,-1,-1,-1,-1,-1,1,1,-1,-1,1,1,1,1,1,-1,-1,-1,-1,-1,-1
CP142124.1,0,-1,1,-1,-1,-1,-1,-1,-1,1,1,-1,-1,1,1,1,1,1,-1,-1,-1,-1,-1,-1
CP091779.1,0,-1,1,-1,-1,-1,-1,-1,-1,1,1,-1,-1,1,1,1,1,1,-1,-1,-1,-1,-1,-1
CP082280.1,0,-1,1,-1,-1,-1,-1,-1,-1,1,1,-1,-1,1,1,1,1,1,-1,-1,-1,-1,-1,-1
CP154353.1,0,-1,1,-1,-1,-1,-1,-1,-1,1,1,-1,-1,1,1,1,1,1,-1,-1,-1,-1,-1,-1
CP143681.1,0,-1,1,-1,-1,-1,-1,-1,-1,1,1,-1,-1,1,1,1,1,1,-1,-1,-1,-1,-1,-1
CP133578.1,0,-1,1,-1,-1,-1,-1,-1,-1,1,1,-1,-1,1,1,1,1,1,-1,-1,-1,-1,-1,-1
CP017087.1,0,-1,1,-1,-1,-1,-1,-1,-1,1,1,-1,-1,1,1,1,1,1,-1,-1,-1,-1,-1,-1
CP129026.1,0,-1,1,-1,-1,-1,-1,-1,-1,1,1,-1,-1,1,1,1,1,1,-1,-1,-1,-1,-1,-1
CP143745.1,0,-1,1,-1,-1,-1,-1,-1,-1,1,1,-1,-1,1,1,1,1,1,-1,-1,-1,-1,-1,-1
CP043342.1,0,-1,1,-1,-1,-1,-1,-1,-1,1,1,-1,-1,1,1,1,1,1,-1,-1,-1,-1,-1,-1
CP110983.1,0,-1,1,-1,-1,-1,-1,-1,-1,1,1,-1,-1,1,1,1,1,1,-1,-1,-1,-1,-1,-1
CP027986.1,0,-1,1,-1,-1,-1,-1,-1,-1,1,1,-1,-1,1,1,1,1,1,-1,-1,-1,-1,-1,-1
CP110533.1,0,-1,1,-1,-1,-1,-1,-1,-1,1,1,-1,-1,1,1,1,1,1,-1,-1,-1,-1,-1,-1
CP043318.1,0,-1,1,-1,-1,-1,-1,-1,-1,1,1,-1,-1,1,1,1,1,1,-1,-1,-1,-1,-1,-1
CP133346.1,0,-1,1,-1,-1,-1,-1,-1,-1,1,1,-1,-1,1,1,1,1,1,-1,-1,-1,-1,-1,-1
CP071178.1,0,-1,1,-1,-1,-1,-1,-1,-1,1,1,-1,-1,1,1,1,1,1,-1,-1,-1,-1,-1,-1
CP126604.1,0,-1,1,-1,-1,-1,-1,-1,-1,1,1,-1,-1,1,1,1,1,1,-1,-1,-1,-1,-1,-1
CP162152.1,0,-1,1,-1,-1,-1,-1,-1,-1,1,1,-1,-1,1,1,1,1,1,-1,-1,-1,-1,-1,-1
CP123376.1,0,-1,1,-1,-1,-1,-1,-1,-1,1,1,-1,-1,1,1,1,1,1,-1,-1,-1,-1,-1,-1
CP025225.1,0,-1,1,-1,-1,-1,-1,-1,-1,1,1,-1,-1,1,1,1,1,1,-1,-1,-1,-1,-1,-1
CP056779.1,0,-1,1,-1,-1,-1,-1,-1,-1,1,1,-1,-1,1,1,1,1,1,-1,-1,-1,-1,-1,-1
CP020525.1,0,-1,1,-1,-1,-1,-1,-1,-1,1,1,-1,-1,1,1,1,1,1,-1,-1,-1,-1,-1,-1
AP019007.1,0,-1,1,-1,-1,-1,-1,-1,-1,1,1,-1,-1,1,1,1,1,1,-1,-1,-1,-1,-1,-1
CP011581.1,0,-1,1,-1,-1,-1,-1,-1,-1,1,1,-1,-1,1,1,1,1,1,-1,-1,-1,-1,-1,-1
CP020817.3,0,-1,1,-1,-1,-1,-1,-1,-1,1,1,-1,-1,1,1,1,1,1,-1,-1,-1,-1,-1,-1
CP143717.1,0,-1,1,-1,-1,-1,-1,-1,-1,1,1,-1,-1,1,1,1,1,1,-1,-1,-1,-1,-1,-1
CP142124.1,0,-1,1,-1,-1,-1,-1,-1,-1,1,1,-1,-1,1,1,1,1,1,-1,-1,-1,-1,-1,-1
CP091779.1,0,-1,1,-1,-1,-1,-1,-1,-1,1,1,-1,-1,1,1,1,1,1,-1,-1,-1,-1,-1,-1
CP082280.1,0,-1,1,-1,-1,-1,-1,-1,-1,1,1,-1,-1,1,1,1,1,1,-1,-1,-1,-1,-1,-1
CP154353.1,0,-1,1,-1,-1,-1,-1,-1,-1,1,1,-1,-1,1,1,1,1,1,-1,-1,-1,-1,-1,-1
CP143681.1,0,-1,1,-1,-1,-1,-1,-1,-1,1,1,-1,-1,1,1,1,1,1,-1,-1,-1,-1,-1,-1
CP133578.1,0,-1,1,-1,-1,-1,-1,-1,-1,1,1,-1,-1,1,1,1,1,1,-1,-1,-1,-1,-1,-1
CP017087.1,0,-1,1,-1,-1,-1,-1,-1,-1,1,1,-1,-1,1,1,1,1,1,-1,-1,-1,-1,-1,-1
CP129026.1,0,-1,1,-1,-1,-1,-1,-1,-1,1,1,-1,-1,1,1,1,1,1,-1,-1,-1,-1,-1,-1
CP143745.1,0,-1,1,-1,-1,-1,-1,-1,-1,1,1,-1,-1,1,1,1,1,1,-1,-1,-1,-1,-1,-1
CP043342.1,0,-1,1,-1,-1,-1,-1,-1,-1,1,1,-1,-1,1,1,1,1,1,-1,-1,-1,-1,-1,-1
CP110983.1,0,-1,1,-1,-1,-1,-1,-1,-1,1,1,-1,-1,1,1,1,1,1,-1,-1,-1,-1,-1,-1
CP027986.1,0,-1,1,-1,-1,-1,-1,-1,-1,1,1,-1,-1,1,1,1,1,1,-1,-1,-1,-1,-1,-1
CP110533.1,0,-1,1,-1,-1,-1,-1,-1,-1,1,1,-1,-1,1,1,1,1,1,-1,-1,-1,-1,-1,-1
CP043318.1,0,-1,1,-1,-1,-1,-1,-1,-1,1,1,-1,-1,1,1,1,1,1,-1,-1,-1,-1,-1,-1
CP133346.1,0,-1,1,-1,-1,-1,-1,-1,-1,1,1,-1,-1,1,1,1,1,1,-1,-1,-1,-1,-1,-1
CP071178.1,0,-1,1,-1,-1,-1,-1,-1,-1,1,1,-1,-1,1,1,1,1,1,-1,-1,-1,-1,-1,-1
CP126604.1,0,-1,1,-1,-1,-1,-1,-1,-1,1,1,-1,-1,1,1,1,1,1,-1,-1,-1,-1,-1,-1
CP162152.1,0,-1,1,-1,-1,-1,-1,-1,-1,1,1,-1,-1,1,1,1,1,1,-1,-1,-1,-1,-1,-1
CP123376.1,0,-1,1,-1,-1,-1,-1,-1,-1,1,1,-1,-1,1,1,1,1,1,-1,-1,-1,-1,-1,-1
CP025225.1,0,-1,1,-1,-1,-1,-1,-1,-1,1,1,-1,-1,1,1,1,1,1,-1,-1,-1,-1,-1,-1
CP056779.1,0,-1,1,-1,-1,-1,-1,-1,-1,1,1,-1,-1,1,1,1,1,1,-1,-1,-1,-1,-1,-1
CP020525.1,0,-1,1,-1,-1,-1,-1,-1,-1,1,1,-1,-1,1,1,1,1,1,-1,-1,-1,-1,-1,-1
AP019007.1,0,-1,1,-1,-1,-1,-1,-1,-1,1,1,-1,-1,1,1,1,1,1,-1,-1,-1,-1,-1,-1
CP011581.1,0,-1,1,-1,-1,-1,-1,-1,-1,1,1,-1,-1,1,1,1,1,1,-1,-1,-1,-1,-1,-1
CP020817.3,0,-1,1,-1,-1,-1,-1,-1,-1,1,1,-1,-1,1,1,1,1,1,-1,-1,-1,-1,-1,-1
CP143717.1,0,-1,1,-1,-1,-1,-1,-1,-1,1,1,-1,-1,1,1,1,1,1,-1,-1,-1,-1,-1,-1
CP142124.1,0,-1,1,-1,-1,-1,-1,-1,-1,1,1,-1,-1,1,1,1,1,1,-1,-1,-1,-1,-1,-1
CP091779.1,0,-1,1,-1,-1,-1,-1,-1,-1,1,1,-1,-1,1,1,1,1,1,-1,-1,-1,-1,-1,-1
CP082280.1,0,-1,1,-1,-1,-1,-1,-1,-1,1,1,-1,-1,1,1,1,1,1,-1,-1,-1,-1,-1,-1
CP154353.1,0,-1,1,-1,-1,-1,-1,-1,-1,1,1,-1,-1,1,1,1,1,1,-1,-1,-1,-1,-1,-1
CP143681.1,0,-1,1,-1,-1,-1,-1,-1,-1,1,1,-1,-1,1,1,1,1,1,-1,-1,-1,-1,-1,-1
CP133578.1,0,-1,1,-1,-1,-1,-1,-1,-1,1,1,-1,-1,1,1,1,1,1,-1,-1,-1,-1,-1,-1
CP017087.1,0,-1,1,-1,-1,-1,-1,-1,-1,1,1,-1,-1,1,1,1,1,1,-1,-1,-1,-1,-1,-1
CP129026.1,0,-1,1,-1,-1,-1,-1,-1,-1,1,1,-1,-1,1,1,1,1,1,-1,-1,-1,-1,-1,-1
CP143745.1,0,-1,1,-1,-1,-1,-1,-1,-1,1,1,-1,-1,1,1,1,1,1,-1,-1,-1,-1,-1,-1
CP043342.1,0,-1,1,-1,-1,-1,-1,-1,-1,1,1,-1,-1,1,1,1,1,1,-1,-1,-1,-1,-1,-1
CP110983.1,0,-1,1,-1,-1,-1,-1,-1,-1,1,1,-1,-1,1,1,1,1,1,-1,-1,-1,-1,-1,-1
CP027986.1,0,-1,1,-1,-1,-1,-1,-1,-1,1,1,-1,-1,1,1,1,1,1,-1,-1,-1,-1,-1,-1
CP110533.1,0,-1,1,-1,-1,-1,-1,-1,-1,1,1,-1,-1,1,1,1,1,1,-1,-1,-1,-1,-1,-1
CP043318.1,0,-1,1,-1,-1,-1,-1,-1,-1,1,1,-1,-1,1,1,1,1,1,-1,-1,-1,-1,-1,-1
CP133346.1,0,-1,1,-1,-1,-1,-1,-1,-1,1,1,-1,-1,1,1,1,1,1,-1,-1,-1,-1,-1,-1
CP071178.1,0,-1,1,-1,-1,-1,-1,-1,-1,1,1,-1,-1,1,1,1,1,1,-1,-1,-1,-1,-1,-1
CP126604.1,0,-1,1,-1,-1,-1,-1,-1,-1,1,1,-1,-1,1,1,1,1,1,-1,-1,-1,-1,-1,-1
CP162152.1,0,-1,1,-1,-1,-1,-1,-1,-1,1,1,-1,-1,1,1,1,1,1,-1,-1,-1,-1,-1,-1
CP123376.1,0,-1,1,-1,-1,-1,-1,-1,-1,1,1,-1,-1,1,1,1,1,1,-1,-1,-1,-1,-1,-1
CP025225.1,0,-1,1,-1,-1,-1,-1,-1,-1,1,1,-1,-1,1,1,1,1,1,-1,-1,-1,-1,-1,-1
CP056779.1,0,-1,1,-1,-1,-1,-1,-1,-1,1,1,-1,-1,1,1,1,1,1,-1,-1,-1,-1,-1,-1
CP020525.1,0,-1,1,-1,-1,-1,-1,-1,-1,1,1,-1,-1,1,1,1,1,1,-1,-1,-1,-1,-1,-1
AP019007.1,0,-1,1,-1,-1,-1,-1,-1,-1,1,1,-1,-1,1,1,1,1,1,-1,-1,-1,-1,-1,-1
CP011581.1,0,-1,1,-1,-1,-1,-1,-1,-1,1,1,-1,-1,1,1,1,1,1,-1,-1,-1,-1,-1,-1
CP020817.3,0,-1,1,-1,-1,-1,-1,-1,-1,1,1,-1,-1,1,1,1,1,1,-1,-1,-1,-1,-1,-1
CP143717.1,0,-1,1,-1,-1,-1,-1,-1,-1,1,1,-1,-1,1,1,1,1,1,-1,-1,-1,-1,-1,-1
CP142124.1,0,-1,1,-1,-1,-1,-1,-1,-1,1,1,-1,-1,1,1,1,1,1,-1,-1,-1,-1,-1,-1
CP091779.1,0,-1,1,-1,-1,-1,-1,-1,-1,1,1,-1,-1,1,1,1,1,1,-1,-1,-1,-1,-1,-1
CP082280.1,0,-1,1,-1,-1,-1,-1,-1,-1,1,1,-1,-1,1,1,1,1,1,-1,-1,-1,-1,-1,-1
CP154353.1,0,-1,1,-1,-1,-1,-1,-1,-1,1,1,-1,-1,1,1,1,1,1,-1,-1,-1,-1,-1,-1
CP143681.1,0,-1,1,-1,-1,-1,-1,-1,-1,1,1,-1,-1,1,1,1,1,1,-1,-1,-1,-1,-1,-1
CP133578.1,0,-1,1,-1,-1,-1,-1,-1,-1,1,1,-1,-1,1,1,1,1,1,-1,-1,-1,-1,-1,-1
CP017087.1,0,-1,1,-1,-1,-1,-1,-1,-1,1,1,-1,-1,1,1,1,1,1,-1,-1,-1,-1,-1,-1
CP129026.1,0,-1,1,-1,-1,-1,-1,-1,-1,1,1,-1,-1,1,1,1,1,1,-1,-1,-1,-1,-1,-1
CP143745.1,0,-1,1,-1,-1,-1,-1,-1,-1,1,1,-1,-1,1,1,1,1,1,-1,-1,-1,-1,-1,-1
CP043342.1,0,-1,1,-1,-1,-1,-1,-1,-1,1,1,-1,-1,1,1,1,1,1,-1,-1,-1,-1,-1,-1
CP110983.1,0,-1,1,-1,-1,-1,-1,-1,-1,1,1,-1,-1,1,1,1,1,1,-1,-1,-1,-1,-1,-1
CP027986.1,0,-1,1,-1,-1,-1,-1,-1,-1,1,1,-1,-1,1,1,1,1,1,-1,-1,-1,-1,-1,-1
CP110533.1,0,-1,1,-1,-1,-1,-1,-1,-1,1,1,-1,-1,1,1,1,1,1,-1,-1,-1,-1,-1,-1
CP043318.1,0,-1,1,-1,-1,-1,-1,-1,-1,1,1,-1,-1,1,1,1,1,1,-1,-1,-1,-1,-1,-1
CP133346.1,0,-1,1,-1,-1,-1,-1,-1,-1,1,1,-1,-1,1,1,1,1,1,-1,-1,-1,-1,-1,-1
CP071178.1,0,-1,1,-1,-1,-1,-1,-1,-1,1,1,-1,-1,1,1,1,1,1,-1,-1,-1,-1,-1,-1
CP126604.1,0,-1,1,-1,-1,-1,-1,-1,-1,1,1,-1,-1,1,1,1,1,1,-1,-1,-1,-1,-1,-1
CP162152.1,0,-1,1,-1,-1,-1,-1,-1,-1,1,1,-1,-1,1,1,1,1,1,-1,-1,-1,-1,-1,-1
CP123376.1,0,-1,1,-1,-1,-1,-1,-1,-1,1,1,-1,-1,1,1,1,1,1,-1,-1,-1,-1,-1,-1
CP025225.1,0,-1,1,-1,-1,-1,-1,-1,-1,1,1,-1,-1,1,1,1,1,1,-1,-1,-1,-1,-1,-1
CP056779.1,0,-1,1,-1,-1,-1,-1,-1,-1,1,1,-1,-1,1,1,1,1,1,-1,-1,-1,-1,-1,-1
CP020525.1,0,-1,1,-1,-1,-1,-1,-1,-1,1,1,-1,-1,1,1,1,1,1,-1,-1,-1,-1,-1,-1
AP019007.1,0,-1,1,-1,-1,-1,-1,-1,-1,1,1,-1,-1,1,1,1,1,1,-1,-1,-1,-1,-1,-1
CP011581.1,0,-1,1,-1,-1,-1,-1,-1,-1,1,1,-1,-1,1,1,1,1,1,-1,-1,-1,-1,-1,-1
CP020817.3,0,-1,1,-1,-1,-1,-1,-1,-1,1,1,-1,-1,1,1,1,1,1,-1,-1,-1,-1,-1,-1
CP143717.1,0,-1,1,-1,-1,-1,-1,-1,-1,1,1,-1,-1,1,1,1,1,1,-1,-1,-1,-1,-1,-1
CP142124.1,0,-1,1,-1,-1,-1,-1,-1,-1,1,1,-1,-1,1,1,1,1,1,-1,-1,-1,-1,-1,-1
CP091779.1,0,-1,1,-1,-1,-1,-1,-1,-1,1,1,-1,-1,1,1,1,1,1,-1,-1,-1,-1,-1,-1
CP082280.1,0,-1,1,-1,-1,-1,-1,-1,-1,1,1,-1,-1,1,1,1,1,1,-1,-1,-1,-1,-1,-1
CP154353.1,0,-1,1,-1,-1,-1,-1,-1,-1,1,1,-1,-1,1,1,1,1,1,-1,-1,-1,-1,-1,-1
CP143681.1,0,-1,1,-1,-1,-1,-1,-1,-1,1,1,-1,-1,1,1,1,1,1,-1,-1,-1,-1,-1,-1
CP133578.1,0,-1,1,-1,-1,-1,-1,-1,-1,1,1,-1,-1,1,1,1,1,1,-1,-1,-1,-1,-1,-1
CP017087.1,0,-1,1,-1,-1,-1,-1,-1,-1,1,1,-1,-1,1,1,1,1,1,-1,-1,-1,-1,-1,-1
CP129026.1,0,-1,1,-1,-1,-1,-1,-1,-1,1,1,-1,-1,1,1,1,1,1,-1,-1,-1,-1,-1,-1
CP143745.1,0,-1,1,-1,-1,-1,-1,-1,-1,1,1,-1,-1,1,1,1,1,1,-1,-1,-1,-1,-1,-1
CP043342.1,0,-1,1,-1,-1,-1,-1,-1,-1,1,1,-1,-1,1,1,1,1,1,-1,-1,-1,-1,-1,-1
CP110983.1,0,-1,1,-1,-1,-1,-1,-1,-1,1,1,-1,-1,1,1,1,1,1,-1,-1,-1,-1,-1,-1
CP027986.1,0,-1,1,-1,-1,-1,-1,-1,-1,1,1,-1,-1,1,1,1,1,1,-1,-1,-1,-1,-1,-1
CP110533.1,0,-1,1,-1,-1,-1,-1,-1,-1,1,1,-1,-1,1,1,1,1,1,-1,-1,-1,-1,-1,-1
CP043318.1,0,-1,1,-1,-1,-1,-1,-1,-1,1,1,-1,-1,1,1,1,1,1,-1,-1,-1,-1,-1,-1
CP133346.1,0,-1,1,-1,-1,-1,-1,-1,-1,1,1,-1,-1,1,1,1,1,1,-1,-1,-1,-1,-1,-1
CP071178.1,0,-1,1,-1,-1,-1,-1,-1,-1,1,1,-1,-1,1,1,1,1,1,-1,-1,-1,-1,-1,-1
CP126604.1,0,-1,1,-1,-1,-1,-1,-1,-1,1,1,-1,-1,1,1,1,1,1,-1,-1,-1,-1,-1,-1
CP162152.1,0,-1,1,-1,-1,-1,-1,-1,-1,1,1,-1,-1,1,1,1,1,1,-1,-1,-1,-1,-1,-1
CP123376.1,0,-1,1,-1,-1,-1,-1,-1,-1,1,1,-1,-1,1,1,1,1,1,-1,-1,-1,-1,-1,-1
CP025225.1,0,-1,1,-1,-1,-1,-1,-1,-1,1,1,-1,-1,1,1,1,1,1,-1,-1,-1,-1,-1,-1
CP056779.1,0,-1,1,-1,-1,-1,-1,-1,-1,1,1,-1,-1,1,1,1,1,1,-1,-1,-1,-1,-1,-1
CP020525.1,0,-1,1,-1,-1,-1,-1,-1,-1,1,1,-1,-1,1,1,1,1,1,-1,-1,-1,-1,-1,-1
AP019007.1,0,-1,1,-1,-1,-1,-1,-1,-1,1,1,-1,-1,1,1,1,1,1,-1,-1,-1,-1,-1,-1
CP011581.1,0,-1,1,-1,-1,-1,-1,-1,-1,1,1,-1,-1,1,1,1,1,1,-1,-1,-1,-1,-1,-1
CP020817.3,0,-1,1,-1,-1,-1,-1,-1,-1,1,1,-1,-1,1,1,1,1,1,-1,-1,-1,-1,-1,-1
CP143717.1,0,-1,1,-1,-1,-1,-1,-1,-1,1,1,-1,-1,1,1,1,1,1,-1,-1,-1,-1,-1,-1
CP142124.1,0,-1,1,-1,-1,-1,-1,-1,-1,1,1,-1,-1,1,1,1,1,1,-1,-1,-1,-1,-1,-1
CP091779.1,0,-1,1,-1,-1,-1,-1,-1,-1,1,1,-1,-1,1,1,1,1,1,-1,-1,-1,-1,-1,-1
CP082280.1,0,-1,1,-1,-1,-1,-1,-1,-1,1,1,-1,-1,1,1,1,1,1,-1,-1,-1,-1,-1,-1
CP154353.1,0,-1,1,-1,-1,-1,-1,-1,-1,1,1,-1,-1,1,1,1,1,1,-1,-1,-1,-1,-1,-1
CP143681.1,0,-1,1,-1,-1,-1,-1,-1,-1,1,1,-1,-1,1,1,1,1,1,-1,-1,-1,-1,-1,-1
CP133578.1,0,-1,1,-1,-1,-1,-1,-1,-1,1,1,-1,-1,1,1,1,1,1,-1,-1,-1,-1,-1,-1
CP017087.1,0,-1,1,-1,-1,-1,-1,-1,-1,1,1,-1,-1,1,1,1,1,1,-1,-1,-1,-1,-1,-1
CP129026.1,0,-1,1,-1,-1,-1,-1,-1,-1,1,1,-1,-1,1,1,1,1,1,-1,-1,-1,-1,-1,-1
CP143745.1,0,-1,1,-1,-1,-1,-1,-1,-1,1,1,-1,-1,1,1,1,1,1,-1,-1,-1,-1,-1,-1
CP043342.1,0,-1,1,-1,-1,-1,-1,-1,-1,1,1,-1,-1,1,1,1,1,1,-1,-1,-1,-1,-1,-1
CP110983.1,0,-1,1,-1,-1,-1,-1,-1,-1,1,1,-1,-1,1,1,1,1,1,-1,-1,-1,-1,-1,-1
CP027986.1,0,-1,1,-1,-1,-1,-1,-1,-1,1,1,-1,-1,1,1,1,1,1,-1,-1,-1,-1,-1,-1
CP110533.1,0,-1,1,-1,-1,-1,-1,-1,-1,1,1,-1,-1,1,1,1,1,1,-1,-1,-1,-1,-1,-1
CP043318.1,0,-1,1,-1,-1,-1,-1,-1,-1,1,1,-1,-1,1,1,1,1,1,-1,-1,-1,-1,-1,-1
CP133346.1,0,-1,1,-1,-1,-1,-1,-1,-1,1,1,-1,-1,1,1,1,1,1,-1,-1,-1,-1,-1,-1
CP071178.1,0,-1,1,-1,-1,-1,-1,-1,-1,1,1,-1,-1,1,1,1,1,1,-1,-1,-1,-1,-1,-1
CP126604.1,0,-1,1,-1,-1,-1,-1,-1,-1,1,1,-1,-1,1,1,1,1,1,-1,-1,-1,-1,-1,-1
CP162152.1,0,-1,1,-1,-1,-1,-1,-1,-1,1,1,-1,-1,1,1,1,1,1,-1,-1,-1,-1,-1,-1
CP123376.1,0,-1,1,-1,-1,-1,-1,-1,-1,1,1,-1,-1,1,1,1,1,1,-1,-1,-1,-1,-1,-1
CP025225.1,0,-1,1,-1,-1,-1,-1,-1,-1,1,1,-1,-1,1,1,1,1,1,-1,-1,-1,-1,-1,-1
CP056779.1,0,-1,1,-1,-1,-1,-1,-1,-1,1,1,-1,-1,1,1,1,1,1,-1,-1,-1,-1,-1,-1
CP020525.1,0,-1,1,-1,-1,-1,-1,-1,-1,1,1,-1,-1,1,1,1,1,1,-1,-1,-1,-1,-1,-1
AP019007.1,0,-1,1,-1,-1,-1,-1,-1,-1,1,1,-1,-1,1,1,1,1,1,-1,-1,-1,-1,-1,-1
CP011581.1,0,-1,1,-1,-1,-1,-1,-1,-1,1,1,-1,-1,1,1,1,1,1,-1,-1,-1,-1,-1,-1
CP020817.3,0,-1,1,-1,-1,-1,-1,-1,-1,1,1,-1,-1,1,1,1,1,1,-1,-1,-1,-1,-1,-1
CP143717.1,0,-1,1,-1,-1,-1,-1,-1,-1,1,1,-1,-1,1,1,1,1,1,-1,-1,-1,-1,-1,-1
CP142124.1,0,-1,1,-1,-1,-1,-1,-1,-1,1,1,-1,-1,1,1,1,1,1,-1,-1,-1,-1,-1,-1
CP091779.1,0,-1,1,-1,-1,-1,-1,-1,-1,1,1,-1,-1,1,1,1,1,1,-1,-1,-1,-1,-1,-1
CP082280.1,0,-1,1,-1,-1,-1,-1,-1,-1,1,1,-1,-1,1,1,1,1,1,-1,-1,-1,-1,-1,-1
CP154353.1,0,-1,1,-1,-1,-1,-1,-1,-1,1,1,-1,-1,1,1,1,1,1,-1,-1,-1,-1,-1,-1
CP143681.1,0,-1,1,-1,-1,-1,-1,-1,-1,1,1,-1,-1,1,1,1,1,1,-1,-1,-1,-1,-1,-1
CP133578.1,0,-1,1,-1,-1,-1,-1,-1,-1,1,1,-1,-1,1,1,1,1,1,-1,-1,-1,-1,-1,-1
CP017087.1,0,-1,1,-1,-1,-1,-1,-1,-1,1,1,-1,-1,1,1,1,1,1,-1,-1,-1,-1,-1,-1
CP129026.1,0,-1,1,-1,-1,-1,-1,-1,-1,1,1,-1,-1,1,1,1,1,1,-1,-1,-1,-1,-1,-1
CP143745.1,0,-1,1,-1,-1,-1,-1,-1,-1,1,1,-1,-1,1,1,1,1,1,-1,-1,-1,-1,-1,-1
CP043342.1,0,-1,1,-1,-1,-1,-1,-1,-1,1,1,-1,-1,1,1,1,1,1,-1,-1,-1,-1,-1,-1
CP110983.1,0,-1,1,-1,-1,-1,-1,-1,-1,1,1,-1,-1,1,1,1,1,1,-1,-1,-1,-1,-1,-1
CP027986.1,0,-1,1,-1,-1,-1,-1,-1,-1,1,1,-1,-1,1,1,1,1,1,-1,-1,-1,-1,-1,-1
CP110533.1,0,-1,1,-1,-1,-1,-1,-1,-1,1,1,-1,-1,1,1,1,1,1,-1,-1,-1,-1,-1,-1
CP043318.1,0,-1,1,-1,-1,-1,-1,-1,-1,1,1,-1,-1,1,1,1,1,1,-1,-1,-1,-1,-1,-1
CP133346.1,0,-1,1,-1,-1,-1,-1,-1,-1,1,1,-1,-1,1,1,1,1,1,-1,-1,-1,-1,-1,-1
CP071178.1,0,-1,1,-1,-1,-1,-1,-1,-1,1,1,-1,-1,1,1,1,1,1,-1,-1,-1,-1,-1,-1
CP126604.1,0,-1,1,-1,-1,-1,-1,-1,-1,1,1,-1,-1,1,1,1,1,1,-1,-1,-1,-1,-1,-1
CP162152.1,0,-1,1,-1,-1,-1,-1,-1,-1,1,1,-1,-1,1,1,1,1,1,-1,-1,-1,-1,-1,-1
CP123376.1,0,-1,1,-1,-1,-1,-1,-1,-1,1,1,-1,-1,1,1,1,1,1,-1,-1,-1,-1,-1,-1
CP025225.1,0,-1,1,-1,-1,-1,-1,-1,-1,1,1,-1,-1,1,1,1,1,1,-1,-1,-1,-1,-1,-1
CP056779.1,0,-1,1,-1,-1,-1,-1,-1,-1,1,1,-1,-1,1,1,1,1,1,-1,-1,-1,-1,-1,-1
CP020525.1,0,-1,1,-1,-1,-1,-1,-1,-1,1,1,-1,-1,1,1,1,1,1,-1,-1,-1,-1,-1,-1
AP019007.1,0,-1,1,-1,-1,-1,-1,-1,-1,1,1,-1,-1,1,1,1,1,1,-1,-1,-1,-1,-1,-1
CP011581.1,0,-1,1,-1,-1,-1,-1,-1,-1,1,1,-1,-1,1,1,1,1,1,-1,-1,-1,-1,-1,-1
CP020817.3,0,-1,1,-1,-1,-1,-1,-1,-1,1,1,-1,-1,1,1,1,1,1,-1,-1,-1,-1,-1,-1
CP143717.1,0,-1,1,-1,-1,-1,-1,-1,-1,1,1,-1,-1,1,1,1,1,1,-1,-1,-1,-1,-1,-1
CP142124.1,0,-1,1,-1,-1,-1,-1,-1,-1,1,1,-1,-1,1,1,1,1,1,-1,-1,-1,-1,-1,-1
CP091779.1,0,-1,1,-1,-1,-1,-1,-1,-1,1,1,-1,-1,1,1,1,1,1,-1,-1,-1,-1,-1,-1
CP082280.1,0,-1,1,-1,-1,-1,-1,-1,-1,1,1,-1,-1,1,1,1,1,1,-1,-1,-1,-1,-1,-1
CP154353.1,0,-1,1,-1,-1,-1,-1,-1,-1,1,1,-1,-1,1,1,1,1,1,-1,-1,-1,-1,-1,-1
CP143681.1,0,-1,1,-1,-1,-1,-1,-1,-1,1,1,-1,-1,1,1,1,1,1,-1,-1,-1,-1,-1,-1
CP133578.1,0,-1,1,-1,-1,-1,-1,-1,-1,1,1,-1,-1,1,1,1,1,1,-1,-1,-1,-1,-1,-1
CP017087.1,0,-1,1,-1,-1,-1,-1,-1,-1,1,1,-1,-1,1,1,1,1,1,-1,-1,-1,-1,-1,-1
CP129026.1,0,-1,1,-1,-1,-1,-1,-1,-1,1,1,-1,-1,1,1,1,1,1,-1,-1,-1,-1,-1,-1
CP143745.1,0,-1,1,-1,-1,-1,-1,-1,-1,1,1,-1,-1,1,1,1,1,1,-1,-1,-1,-1,-1,-1
CP043342.1,0,-1,1,-1,-1,-1,-1,-1,-1,1,1,-1,-1,1,1,1,1,1,-1,-1,-1,-1,-1,-1
CP110983.1,0,-1,1,-1,-1,-1,-1,-1,-1,1,1,-1,-1,1,1,1,1,1,-1,-1,-1,-1,-1,-1
CP027986.1,0,-1,1,-1,-1,-1,-1,-1,-1,1,1,-1,-1,1,1,1,1,1,-1,-1,-1,-1,-1,-1
CP110533.1,0,-1,1,-1,-1,-1,-1,-1,-1,1,1,-1,-1,1,1,1,1,1,-1,-1,-1,-1,-1,-1
CP043318.1,0,-1,1,-1,-1,-1,-1,-1,-1,1,1,-1,-1,1,1,1,1,1,-1,-1,-1,-1,-1,-1
CP133346.1,0,-1,1,-1,-1,-1,-1,-1,-1,1,1,-1,-1,1,1,1,1,1,-1,-1,-1,-1,-1,-1
CP071178.1,0,-1,1,-1,-1,-1,-1,-1,-1,1,1,-1,-1,1,1,1,1,1,-1,-1,-1,-1,-1,-1
CP126604.1,0,-1,1,-1,-1,-1,-1,-1,-1,1,1,-1,-1,1,1,1,1,1,-1,-1,-1,-1,-1,-1
CP162152.1,0,-1,1,-1,-1,-1,-1,-1,-1,1,1,-1,-1,1,1,1,1,1,-1,-1,-1,-1,-1,-1
CP123376.1,0,-1,1,-1,-1,-1,-1,-1,-1,1,1,-1,-1,1,1,1,1,1,-1,-1,-1,-1,-1,-1
CP025225.1,0,-1,1,-1,-1,-1,-1,-1,-1,1,1,-1,-1,1,1,1,1,1,-1,-1,-1,-1,-1,-1
CP056779.1,0,-1,1,-1,-1,-1,-1,-1,-1,1,1,-1,-1,1,1,1,1,1,-1,-1,-1,-1,-1,-1
CP020525.1,0,-1,1,-1,-1,-1,-1,-1,-1,1,1,-1,-1,1,1,1,1,1,-1,-1,-1,-1,-1,-1
AP019007.1,0,-1,1,-1,-1,-1,-1,-1,-1,1,1,-1,-1,1,1,1,1,1,-1,-1,-1,-1,-1,-1
CP011581.1,0,-1,1,-1,-1,-1,-1,-1,-1,1,1,-1,-1,1,1,1,1,1,-1,-1,-1,-1,-1,-1
CP020817.3,0,-1,1,-1,-1,-1,-1,-1,-1,1,1,-1,-1,1,1,1,1,1,-1,-1,-1,-1,-1,-1
CP143717.1,0,-1,1,-1,-1,-1,-1,-1,-1,1,1,-1,-1,1,1,1,1,1,-1,-1,-1,-1,-1,-1
CP142124.1,0,-1,1,-1,-1,-1,-1,-1,-1,1,1,-1,-1,1,1,1,1,1,-1,-1,-1,-1,-1,-1
CP091779.1,0,-1,1,-1,-1,-1,-1,-1,-1,1,1,-1,-1,1,1,1,1,1,-1,-1,-1,-1,-1,-1
CP082280.1,0,-1,1,-1,-1,-1,-1,-1,-1,1,1,-1,-1,1,1,1,1,1,-1,-1,-1,-1,-1,-1
CP154353.1,0,-1,1,-1,-1,-1,-1,-1,-1,1,1,-1,-1,1,1,1,1,1,-1,-1,-1,-1,-1,-1
CP143681.1,0,-1,1,-1,-1,-1,-1,-1,-1,1,1,-1,-1,1,1,1,1,1,-1,-1,-1,-1,-1,-1
CP133578.1,0,-1,1,-1,-1,-1,-1,-1,-1,1,1,-1,-1,1,1,1,1,1,-1,-1,-1,-1,-1,-1
CP017087.1,0,-1,1,-1,-1,-1,-1,-1,-1,1,1,-1,-1,1,1,1,1,1,-1,-1,-1,-1,-1,-1
CP129026.1,0,-1,1,-1,-1,-1,-1,-1,-1,1,1,-1,-1,1,1,1,1,1,-1,-1,-1,-1,-1,-1
CP143745.1,0,-1,1,-1,-1,-1,-1,-1,-1,1,1,-1,-1,1,1,1,1,1,-1,-1,-1,-1,-1,-1
CP043342.1,0,-1,1,-1,-1,-1,-1,-1,-1,1,1,-1,-1,1,1,1,1,1,-1,-1,-1,-1,-1,-1
CP110983.1,0,-1,1,-1,-1,-1,-1,-1,-1,1,1,-1,-1,1,1,1,1,1,-1,-1,-1,-1,-1,-1
CP027986.1,0,-1,1,-1,-1,-1,-1,-1,-1,1,1,-1,-1,1,1,1,1,1,-1,-1,-1,-1,-1,-1
CP110533.1,0,-1,1,-1,-1,-1,-1,-1,-1,1,1,-1,-1,1,1,1,1,1,-1,-1,-1,-1,-1,-1
CP043318.1,0,-1,1,-1,-1,-1,-1,-1,-1,1,1,-1,-1,1,1,1,1,1,-1,-1,-1,-1,-1,-1
CP133346.1,0,-1,1,-1,-1,-1,-1,-1,-1,1,1,-1,-1,1,1,1,1,1,-1,-1,-1,-1,-1,-1
CP071178.1,0,-1,1,-1,-1,-1,-1,-1,-1,1,1,-1,-1,1,1,1,1,1,-1,-1,-1,-1,-1,-1
CP126604.1,0,-1,1,-1,-1,-1,-1,-1,-1,1,1,-1,-1,1,1,1,1,1,-1,-1,-1,-1,-1,-1
CP162152.1,0,-1,1,-1,-1,-1,-1,-1,-1,1,1,-1,-1,1,1,1,1,1,-1,-1,-1,-1,-1,-1
CP123376.1,0,-1,1,-1,-1,-1,-1,-1,-1,1,1,-1,-1,1,1,1,1,1,-1,-1,-1,-1,-1,-1
CP025225.1,0,-1,1,-1,-1,-1,-1,-1,-1,1,1,-1,-1,1,1,1,1,1,-1,-1,-1,-1,-1,-1
CP056779.1,0,-1,1,-1,-1,-1,-1,-1,-1,1,1,-1,-1,1,1,1,1,1,-1,-1,-1,-1,-1,-1
CP020525.1,0,-1,1,-1,-1,-1,-1,-1,-1,1,1,-1,-1,1,1,1,1,1,-1,-1,-1,-1,-1,-1
AP019007.1,0,-1,1,-1,-1,-1,-1,-1,-1,1,1,-1,-1,1,1,1,1,1,-1,-1,-1,-1,-1,-1
CP011581.1,0,-1,1,-1,-1,-1,-1,-1,-1,1,1,-1,-1,1,1,1,1,1,-1,-1,-1,-1,-1,-1
CP020817.3,0,-1,1,-1,-1,-1,-1,-1,-1,1,1,-1,-1,1,1,1,1,1,-1,-1,-1,-1,-1,-1
CP143717.1,0,-1,1,-1,-1,-1,-1,-1,-1,1,1,-1,-1,1,1,1,1,1,-1,-1,-1,-1,-1,-1
CP142124.1,0,-1,1,-1,-1,-1,-1,-1,-1,1,1,-1,-1,1,1,1,1,1,-1,-1,-1,-1,-1,-1
CP091779.1,0,-1,1,-1,-1,-1,-1,-1,-1,1,1,-1,-1,1,1,1,1,1,-1,-1,-1,-1,-1,-1
CP082280.1,0,-1,1,-1,-1,-1,-1,-1,-1,1,1,-1,-1,1,1,1,1,1,-1,-1,-1,-1,-1,-1
CP154353.1,0,-1,1,-1,-1,-1,-1,-1,-1,1,1,-1,-1,1,1,1,1,1,-1,-1,-1,-1,-1,-1
CP143681.1,0,-1,1,-1,-1,-1,-1,-1,-1,1,1,-1,-1,1,1,1,1,1,-1,-1,-1,-1,-1,-1
CP133578.1,0,-1,1,-1,-1,-1,-1,-1,-1,1,1,-1,-1,1,1,1,1,1,-1,-1,-1,-1,-1,-1
CP017087.1,0,-1,1,-1,-1,-1,-1,-1,-1,1,1,-1,-1,1,1,1,1,1,-1,-1,-1,-1,-1,-1
CP129026.1,0,-1,1,-1,-1,-1,-1,-1,-1,1,1,-1,-1,1,1,1,1,1,-1,-1,-1,-1,-1,-1
CP143745.1,0,-1,1,-1,-1,-1,-1,-1,-1,1,1,-1,-1,1,1,1,1,1,-1,-1,-1,-1,-1,-1
CP043342.1,0,-1,1,-1,-1,-1,-1,-1,-1,1,1,-1,-1,1,1,1,1,1,-1,-1,-1,-1,-1,-1
CP110983.1,0,-1,1,-1,-1,-1,-1,-1,-1,1,1,-1,-1,1,1,1,1,1,-1,-1,-1,-1,-1,-1
CP027986.1,0,-1,1,-1,-1,-1,-1,-1,-1,1,1,-1,-1,1,1,1,1,1,-1,-1,-1,-1,-1,-1
CP110533.1,0,-1,1,-1,-1,-1,-1,-1,-1,1,1,-1,-1,1,1,1,1,1,-1,-1,-1,-1,-1,-1
CP043318.1,0,-1,1,-1,-1,-1,-1,-1,-1,1,1,-1,-1,1,1,1,1,1,-1,-1,-1,-1,-1,-1
CP133346.1,0,-1,1,-1,-1,-1,-1,-1,-1,1,1,-1,-1,1,1,1,1,1,-1,-1,-1,-1,-1,-1
CP071178.1,0,-1,1,-1,-1,-1,-1,-1,-1,1,1,-1,-1,1,1,1,1,1,-1,-1,-1,-1,-1,-1
CP126604.1,0,-1,1,-1,-1,-1,-1,-1,-1,1,1,-1,-1,1,1,1,1,1,-1,-1,-1,-1,-1,-1
CP162152.1,0,-1,1,-1,-1,-1,-1,-1,-1,1,1,-1,-1,1,1,1,1,1,-1,-1,-1,-1,-1,-1
CP123376.1,0,-1,1,-1,-1,-1,-1,-1,-1,1,1,-1,-1,1,1,1,1,1,-1,-1,-1,-1,-1,-1
CP025225.1,0,-1,1,-1,-1,-1,-1,-1,-1,1,1,-1,-1,1,1,1,1,1,-1,-1,-1,-1,-1,-1
CP056779.1,0,-1,1,-1,-1,-1,-1,-1,-1,1,1,-1,-1,1,1,1,1,1,-1,-1,-1,-1,-1,-1
CP020525.1,0,-1,1,-1,-1,-1,-1,-1,-1,1,1,-1,-1,1,1,1,1,1,-1,-1,-1,-1,-1,-1
AP019007.1,0,-1,1,-1,-1,-1,-1,-1,-1,1,1,-1,-1,1,1,1,1,1,-1,-1,-1,-1,-1,-1
CP011581.1,0,-1,1,-1,-1,-1,-1,-1,-1,1,1,-1,-1,1,1,1,1,1,-1,-1,-1,-1,-1,-1
CP020817.3,0,-1,1,-1,-1,-1,-1,-1,-1,1,1,-1,-1,1,1,1,1,1,-1,-1,-1,-1,-1,-1
CP143717.1,0,-1,1,-1,-1,-1,-1,-1,-1,1,1,-1,-1,1,1,1,1,1,-1,-1,-1,-1,-1,-1
CP142124.1,0,-1,1,-1,-1,-1,-1,-1,-1,1,1,-1,-1,1,1,1,1,1,-1,-1,-1,-1,-1,-1
CP091779.1,0,-1,1,-1,-1,-1,-1,-1,-1,1,1,-1,-1,1,1,1,1,1,-1,-1,-1,-1,-1,-1
CP082280.1,0,-1,1,-1,-1,-1,-1,-1,-1,1,1,-1,-1,1,1,1,1,1,-1,-1,-1,-1,-1,-1
CP154353.1,0,-1,1,-1,-1,-1,-1,-1,-1,1,1,-1,-1,1,1,1,1,1,-1,-1,-1,-1,-1,-1
CP143681.1,0,-1,1,-1,-1,-1,-1,-1,-1,1,1,-1,-1,1,1,1,1,1,-1,-1,-1,-1,-1,-1
CP133578.1,0,-1,1,-1,-1,-1,-1,-1,-1,1,1,-1,-1,1,1,1,1,1,-1,-1,-1,-1,-1,-1
CP017087.1,0,-1,1,-1,-1,-1,-1,-1,-1,1,1,-1,-1,1,1,1,1,1,-1,-1,-1,-1,-1,-1
CP129026.1,0,-1,1,-1,-1,-1,-1,-1,-1,1,1,-1,-1,1,1,1,1,1,-1,-1,-1,-1,-1,-1
CP143745.1,0,-1,1,-1,-1,-1,-1,-1,-1,1,1,-1,-1,1,1,1,1,1,-1,-1,-1,-1,-1,-1
CP043342.1,0,-1,1,-1,-1,-1,-1,-1,-1,1,1,-1,-1,1,1,1,1,1,-1,-1,-1,-1,-1,-1
CP110983.1,0,-1,1,-1,-1,-1,-1,-1,-1,1,1,-1,-1,1,1,1,1,1,-1,-1,-1,-1,-1,-1
CP027986.1,0,-1,1,-1,-1,-1,-1,-1,-1,1,1,-1,-1,1,1,1,1,1,-1,-1,-1,-1,-1,-1
CP110533.1,0,-1,1,-1,-1,-1,-1,-1,-1,1,1,-1,-1,1,1,1,1,1,-1,-1,-1,-1,-1,-1
CP043318.1,0,-1,1,-1,-1,-1,-1,-1,-1,1,1,-1,-1,1,1,1,1,1,-1,-1,-1,-1,-1,-1
CP133346.1,0,-1,1,-1,-1,-1,-1,-1,-1,1,1,-1,-1,1,1,1,1,1,-1,-1,-1,-1,-1,-1
CP071178.1,0,-1,1,-1,-1,-1,-1,-1,-1,1,1,-1,-1,1,1,1,1,1,-1,-1,-1,-1,-1,-1
CP126604.1,0,-1,1,-1,-1,-1,-1,-1,-1,1,1,-1,-1,1,1,1,1,1,-1,-1,-1,-1,-1,-1
CP162152.1,0,-1,1,-1,-1,-1,-1,-1,-1,1,1,-1,-1,1,1,1,1,1,-1,-1,-1,-1,-1,-1
CP123376.1,0,-1,1,-1,-1,-1,-1,-1,-1,1,1,-1,-1,1,1,1,1,1,-1,-1,-1,-1,-1,-1
CP025225.1,0,-1,1,-1,-1,-1,-1,-1,-1,1,1,-1,-1,1,1,1,1,1,-1,-1,-1,-1,-1,-1
CP056779.1,0,-1,1,-1,-1,-1,-1,-1,-1,1,1,-1,-1,1,1,1,1,1,-1,-1,-1,-1,-1,-1
CP020525.1,0,-1,1,-1,-1,-1,-1,-1,-1,1,1,-1,-1,1,1,1,1,1,-1,-1,-1,-1,-1,-1
AP019007.1,0,-1,1,-1,-1,-1,-1,-1,-1,1,1,-1,-1,1,1,1,1,1,-1,-1,-1,-1,-1,-1
CP011581.1,0,-1,1,-1,-1,-1,-1,-1,-1,1,1,-1,-1,1,1,1,1,1,-1,-1,-1,-1,-1,-1
CP020817.3,0,-1,1,-1,-1,-1,-1,-1,-1,1,1,-1,-1,1,1,1,1,1,-1,-1,-1,-1,-1,-1
CP143717.1,0,-1,1,-1,-1,-1,-1,-1,-1,1,1,-1,-1,1,1,1,1,1,-1,-1,-1,-1,-1,-1
CP142124.1,0,-1,1,-1,-1,-1,-1,-1,-1,1,1,-1,-1,1,1,1,1,1,-1,-1,-1,-1,-1,-1
CP091779.1,0,-1,1,-1,-1,-1,-1,-1,-1,1,1,-1,-1,1,1,1,1,1,-1,-1,-1,-1,-1,-1
CP082280.1,0,-1,1,-1,-1,-1,-1,-1,-1,1,1,-1,-1,1,1,1,1,1,-1,-1,-1,-1,-1,-1
CP154353.1,0,-1,1,-1,-1,-1,-1,-1,-1,1,1,-1,-1,1,1,1,1,1,-1,-1,-1,-1,-1,-1
CP143681.1,0,-1,1,-1,-1,-1,-1,-1,-1,1,1,-1,-1,1,1,1,1,1,-1,-1,-1,-1,-1,-1
CP133578.1,0,-1,1,-1,-1,-1,-1,-1,-1,1,1,-1,-1,1,1,1,1,1,-1,-1,-1,-1,-1,-1
CP017087.1,0,-1,1,-1,-1,-1,-1,-1,-1,1,1,-1,-1,1,1,1,1,1,-1,-1,-1,-1,-1,-1
CP129026.1,0,-1,1,-1,-1,-1,-1,-1,-1,1,1,-1,-1,1,1,1,1,1,-1,-1,-1,-1,-1,-1
CP143745.1,0,-1,1,-1,-1,-1,-1,-1,-1,1,1,-1,-1,1,1,1,1,1,-1,-1,-1,-1,-1,-1
CP043342.1,0,-1,1,-1,-1,-1,-1,-1,-1,1,1,-1,-1,1,1,1,1,1,-1,-1,-1,-1,-1,-1
CP110983.1,0,-1,1,-1,-1,-1,-1,-1,-1,1,1,-1,-1,1,1,1,1,1,-1,-1,-1,-1,-1,-1
CP027986.1,0,-1,1,-1,-1,-1,-1,-1,-1,1,1,-1,-1,1,1,1,1,1,-1,-1,-1,-1,-1,-1
CP110533.1,0,-1,1,-1,-1,-1,-1,-1,-1,1,1,-1,-1,1,1,1,1,1,-1,-1,-1,-1,-1,-1
CP043318.1,0,-1,1,-1,-1,-1,-1,-1,-1,1,1,-1,-1,1,1,1,1,1,-1,-1,-1,-1,-1,-1
CP133346.1,0,-1,1,-1,-1,-1,-1,-1,-1,1,1,-1,-1,1,1,1,1,1,-1,-1,-1,-1,-1,-1
CP071178.1,0,-1,1,-1,-1,-1,-1,-1,-1,1,1,-1,-1,1,1,1,1,1,-1,-1,-1,-1,-1,-1
CP126604.1,0,-1,1,-1,-1,-1,-1,-1,-1,1,1,-1,-1,1,1,1,1,1,-1,-1,-1,-1,-1,-1
CP162152.1,0,-1,1,-1,-1,-1,-1,-1,-1,1,1,-1,-1,1,1,1,1,1,-1,-1,-1,-1,-1,-1
CP123376.1,0,-1,1,-1,-1,-1,-1,-1,-1,1,1,-1,-1,1,1,1,1,1,-1,-1,-1,-1,-1,-1
CP025225.1,0,-1,1,-1,-1,-1,-1,-1,-1,1,1,-1,-1,1,1,1,1,1,-1,-1,-1,-1,-1,-1
CP056779.1,0,-1,1,-1,-1,-1,-1,-1,-1,1,1,-1,-1,1,1,1,1,1,-1,-1,-1,-1,-1,-1
CP020525.1,0,-1,1,-1,-1,-1,-1,-1,-1,1,1,-1,-1,1,1,1,1,1,-1,-1,-1,-1,-1,-1
AP019007.1,0,-1,1,-1,-1,-1,-1,-1,-1,1,1,-1,-1,1,1,1,1,1,-1,-1,-1,-1,-1,-1
CP011581.1,0,-1,1,-1,-1,-1,-1,-1,-1,1,1,-1,-1,1,1,1,1,1,-1,-1,-1,-1,-1,-1
CP020817.3,0,-1,1,-1,-1,-1,-1,-1,-1,1,1,-1,-1,1,1,1,1,1,-1,-1,-1,-1,-1,-1
CP143717.1,0,-1,1,-1,-1,-1,-1,-1,-1,1,1,-1,-1,1,1,1,1,1,-1,-1,-1,-1,-1,-1
CP142124.1,0,-1,1,-1,-1,-1,-1,-1,-1,1,1,-1,-1,1,1,1,1,1,-1,-1,-1,-1,-1,-1
CP091779.1,0,-1,1,-1,-1,-1,-1,-1,-1,1,1,-1,-1,1,1,1,1,1,-1,-1,-1,-1,-1,-1
CP082280.1,0,-1,1,-1,-1,-1,-1,-1,-1,1,1,-1,-1,1,1,1,1,1,-1,-1,-1,-1,-1,-1
CP154353.1,0,-1,1,-1,-1,-1,-1,-1,-1,1,1,-1,-1,1,1,1,1,1,-1,-1,-1,-1,-1,-1
CP143681.1,0,-1,1,-1,-1,-1,-1,-1,-1,1,1,-1,-1,1,1,1,1,1,-1,-1,-1,-1,-1,-1
CP133578.1,0,-1,1,-1,-1,-1,-1,-1,-1,1,1,-1,-1,1,1,1,1,1,-1,-1,-1,-1,-1,-1
CP017087.1,0,-1,1,-1,-1,-1,-1,-1,-1,1,1,-1,-1,1,1,1,1,1,-1,-1,-1,-1,-1,-1
CP129026.1,0,-1,1,-1,-1,-1,-1,-1,-1,1,1,-1,-1,1,1,1,1,1,-1,-1,-1,-1,-1,-1
CP143745.1,0,-1,1,-1,-1,-1,-1,-1,-1,1,1,-1,-1,1,1,1,1,1,-1,-1,-1,-1,-1,-1
CP043342.1,0,-1,1,-1,-1,-1,-1,-1,-1,1,1,-1,-1,1,1,1,1,1,-1,-1,-1,-1,-1,-1
CP110983.1,0,-1,1,-1,-1,-1,-1,-1,-1,1,1,-1,-1,1,1,1,1,1,-1,-1,-1,-1,-1,-1
CP027986.1,0,-1,1,-1,-1,-1,-1,-1,-1,1,1,-1,-1,1,1,1,1,1,-1,-1,-1,-1,-1,-1
CP110533.1,0,-1,1,-1,-1,-1,-1,-1,-1,1,1,-1,-1,1,1,1,1,1,-1,-1,-1,-1,-1,-1
CP043318.1,0,-1,1,-1,-1,-1,-1,-1,-1,1,1,-1,-1,1,1,1,1,1,-1,-1,-1,-1,-1,-1
CP133346.1,0,-1,1,-1,-1,-1,-1,-1,-1,1,1,-1,-1,1,1,1,1,1,-1,-1,-1,-1,-1,-1
CP071178.1,0,-1,1,-1,-1,-1,-1,-1,-1,1,1,-1,-1,1,1,1,1,1,-1,-1,-1,-1,-1,-1
CP125781.1,0,1,1,-1,-1,-1,-1,1,-1,1,1,-1,-1,1,1,1,1,-1,-1,-1,-1,1,-1,-1
CP050811.1,0,1,1,1,-1,1,1,2,1,-1,-1,-1,1,-1,-1,1,1,-1,1,-1,-1,1,1,-1
CP074352.1,1,-1,-1,1,-1,1,1,1,-1,1,-1,-1,-1,-1,-1,-1,-1,-1,-1,1,1,2,-1,-1
CP134402.1,1,-1,-1,1,-1,1,1,1,-1,1,-1,-1,-1,-1,-1,-1,-1,-1,-1,1,1,2,-1,-1
CP139140.1,1,1,-1,1,1,1,1,1,1,-1,-1,1,1,-1,-1,-1,-1,1,1,1,1,1,1,1
CP093332.1,1,1,-1,1,1,1,1,1,1,-1,-1,1,1,-1,-1,-1,-1,1,1,1,1,1,1,1
AP023184.1,1,1,-1,1,1,1,1,1,1,-1,-1,1,1,-1,-1,-1,-1,1,1,1,1,1,1,1
CP133838.1,1,1,-1,1,1,1,1,1,1,-1,-1,1,1,-1,-1,-1,-1,1,1,1,1,1,1,1
CP110080.1,1,1,-1,1,1,1,1,1,1,-1,-1,1,1,-1,-1,-1,-1,1,1,1,1,1,1,1
CP040428.1,1,1,-1,1,1,1,1,2,2,-2,-2,1,1,-2,-1,-2,-2,-1,1,2,1,1,1,1
CP022823.1,1,1,-1,1,1,1,1,1,1,-1,-1,1,1,-1,-1,-1,-2,-1,1,1,1,2,1,1
OW849334.1,1,1,-1,1,1,1,1,1,1,-1,-1,1,1,-1,-1,-1,-2,-1,1,1,1,2,1,1
CP062138.1,1,1,-1,1,1,1,1,1,1,-1,-1,1,1,-1,-1,-1,-2,-1,1,1,1,2,1,1
CP059391.1,1,1,-1,1,1,1,1,1,1,-1,-1,1,1,-1,-1,-1,-2,-1,1,1,1,2,1,1
AP022547.1,1,1,-1,1,1,1,1,1,1,-1,-1,1,1,-1,-1,-1,-2,-1,1,1,1,2,1,1
CP056682.1,1,1,-1,1,1,1,1,1,1,-1,-1,1,1,-1,-1,-1,-2,-1,1,1,1,2,1,1
CP082360.1,1,1,-1,1,1,1,1,1,1,-1,-1,1,1,-1,-1,-1,-2,-1,1,1,1,2,1,1
CP073236.1,1,1,-1,1,1,1,1,1,1,-1,-1,1,1,-1,-1,-1,-2,-1,1,1,1,2,1,1
CP114308.1,1,1,-1,1,1,1,1,1,1,-1,-1,1,1,-1,-1,-1,-2,-1,1,1,1,2,1,1
CP119320.1,1,1,-1,1,1,1,1,1,1,-1,-1,1,1,-1,-1,-1,-2,-1,1,1,1,2,1,1
CP042530.1,1,1,-1,1,1,1,1,1,1,-1,-1,1,1,-1,-1,-1,-2,-1,1,1,1,2,1,1
CP154227.1,1,1,-1,1,1,1,1,1,1,-1,-1,1,1,-1,-1,-1,-2,-1,1,1,1,2,1,1
CP041247.1,1,1,-1,1,1,1,1,1,1,-1,-1,1,1,-1,-1,-1,-2,-1,1,1,1,2,1,1
CP022823.1,1,1,-1,1,1,1,1,1,1,-1,-1,1,1,-1,-1,-1,-2,-1,1,1,1,2,1,1
OW849334.1,1,1,-1,1,1,1,1,1,1,-1,-1,1,1,-1,-1,-1,-2,-1,1,1,1,2,1,1
CP062138.1,1,1,-1,1,1,1,1,1,1,-1,-1,1,1,-1,-1,-1,-2,-1,1,1,1,2,1,1
CP059391.1,1,1,-1,1,1,1,1,1,1,-1,-1,1,1,-1,-1,-1,-2,-1,1,1,1,2,1,1
AP022547.1,1,1,-1,1,1,1,1,1,1,-1,-1,1,1,-1,-1,-1,-2,-1,1,1,1,2,1,1
CP056682.1,1,1,-1,1,1,1,1,1,1,-1,-1,1,1,-1,-1,-1,-2,-1,1,1,1,2,1,1
CP082360.1,1,1,-1,1,1,1,1,1,1,-1,-1,1,1,-1,-1,-1,-2,-1,1,1,1,2,1,1
CP073236.1,1,1,-1,1,1,1,1,1,1,-1,-1,1,1,-1,-1,-1,-2,-1,1,1,1,2,1,1
CP114308.1,1,1,-1,1,1,1,1,1,1,-1,-1,1,1,-1,-1,-1,-2,-1,1,1,1,2,1,1
CP119320.1,1,1,-1,1,1,1,1,1,1,-1,-1,1,1,-1,-1,-1,-2,-1,1,1,1,2,1,1
CP042530.1,1,1,-1,1,1,1,1,1,1,-1,-1,1,1,-1,-1,-1,-2,-1,1,1,1,2,1,1
CP154227.1,1,1,-1,1,1,1,1,1,1,-1,-1,1,1,-1,-1,-1,-2,-1,1,1,1,2,1,1
CP041247.1,1,1,-1,1,1,1,1,1,1,-1,-1,1,1,-1,-1,-1,-2,-1,1,1,1,2,1,1
CP022823.1,1,1,-1,1,1,1,1,1,1,-1,-1,1,1,-1,-1,-1,-2,-1,1,1,1,2,1,1
OW849334.1,1,1,-1,1,1,1,1,1,1,-1,-1,1,1,-1,-1,-1,-2,-1,1,1,1,2,1,1
CP062138.1,1,1,-1,1,1,1,1,1,1,-1,-1,1,1,-1,-1,-1,-2,-1,1,1,1,2,1,1
CP059391.1,1,1,-1,1,1,1,1,1,1,-1,-1,1,1,-1,-1,-1,-2,-1,1,1,1,2,1,1
AP022547.1,1,1,-1,1,1,1,1,1,1,-1,-1,1,1,-1,-1,-1,-2,-1,1,1,1,2,1,1
CP056682.1,1,1,-1,1,1,1,1,1,1,-1,-1,1,1,-1,-1,-1,-2,-1,1,1,1,2,1,1
CP082360.1,1,1,-1,1,1,1,1,1,1,-1,-1,1,1,-1,-1,-1,-2,-1,1,1,1,2,1,1
CP073236.1,1,1,-1,1,1,1,1,1,1,-1,-1,1,1,-1,-1,-1,-2,-1,1,1,1,2,1,1
CP114308.1,1,1,-1,1,1,1,1,1,1,-1,-1,1,1,-1,-1,-1,-2,-1,1,1,1,2,1,1
CP119320.1,1,1,-1,1,1,1,1,1,1,-1,-1,1,1,-1,-1,-1,-2,-1,1,1,1,2,1,1
CP042530.1,1,1,-1,1,1,1,1,1,1,-1,-1,1,1,-1,-1,-1,-2,-1,1,1,1,2,1,1
CP154227.1,1,1,-1,1,1,1,1,1,1,-1,-1,1,1,-1,-1,-1,-2,-1,1,1,1,2,1,1
CP041247.1,1,1,-1,1,1,1,1,1,1,-1,-1,1,1,-1,-1,-1,-2,-1,1,1,1,2,1,1
CP022823.1,1,1,-1,1,1,1,1,1,1,-1,-1,1,1,-1,-1,-1,-2,-1,1,1,1,2,1,1
OW849334.1,1,1,-1,1,1,1,1,1,1,-1,-1,1,1,-1,-1,-1,-2,-1,1,1,1,2,1,1
CP062138.1,1,1,-1,1,1,1,1,1,1,-1,-1,1,1,-1,-1,-1,-2,-1,1,1,1,2,1,1
CP059391.1,1,1,-1,1,1,1,1,1,1,-1,-1,1,1,-1,-1,-1,-2,-1,1,1,1,2,1,1
AP022547.1,1,1,-1,1,1,1,1,1,1,-1,-1,1,1,-1,-1,-1,-2,-1,1,1,1,2,1,1
CP056682.1,1,1,-1,1,1,1,1,1,1,-1,-1,1,1,-1,-1,-1,-2,-1,1,1,1,2,1,1
CP082360.1,1,1,-1,1,1,1,1,1,1,-1,-1,1,1,-1,-1,-1,-2,-1,1,1,1,2,1,1
CP073236.1,1,1,-1,1,1,1,1,1,1,-1,-1,1,1,-1,-1,-1,-2,-1,1,1,1,2,1,1
CP114308.1,1,1,-1,1,1,1,1,1,1,-1,-1,1,1,-1,-1,-1,-2,-1,1,1,1,2,1,1
CP119320.1,1,1,-1,1,1,1,1,1,1,-1,-1,1,1,-1,-1,-1,-2,-1,1,1,1,2,1,1
CP042530.1,1,1,-1,1,1,1,1,1,1,-1,-1,1,1,-1,-1,-1,-2,-1,1,1,1,2,1,1
CP154227.1,1,1,-1,1,1,1,1,1,1,-1,-1,1,1,-1,-1,-1,-2,-1,1,1,1,2,1,1
CP041247.1,1,1,-1,1,1,1,1,1,1,-1,-1,1,1,-1,-1,-1,-2,-1,1,1,1,2,1,1
CP022823.1,1,1,-1,1,1,1,1,1,1,-1,-1,1,1,-1,-1,-1,-2,-1,1,1,1,2,1,1
OW849334.1,1,1,-1,1,1,1,1,1,1,-1,-1,1,1,-1,-1,-1,-2,-1,1,1,1,2,1,1
CP062138.1,1,1,-1,1,1,1,1,1,1,-1,-1,1,1,-1,-1,-1,-2,-1,1,1,1,2,1,1
CP059391.1,1,1,-1,1,1,1,1,1,1,-1,-1,1,1,-1,-1,-1,-2,-1,1,1,1,2,1,1
AP022547.1,1,1,-1,1,1,1,1,1,1,-1,-1,1,1,-1,-1,-1,-2,-1,1,1,1,2,1,1
CP056682.1,1,1,-1,1,1,1,1,1,1,-1,-1,1,1,-1,-1,-1,-2,-1,1,1,1,2,1,1
CP082360.1,1,1,-1,1,1,1,1,1,1,-1,-1,1,1,-1,-1,-1,-2,-1,1,1,1,2,1,1
CP073236.1,1,1,-1,1,1,1,1,1,1,-1,-1,1,1,-1,-1,-1,-2,-1,1,1,1,2,1,1
CP114308.1,1,1,-1,1,1,1,1,1,1,-1,-1,1,1,-1,-1,-1,-2,-1,1,1,1,2,1,1
CP119320.1,1,1,-1,1,1,1,1,1,1,-1,-1,1,1,-1,-1,-1,-2,-1,1,1,1,2,1,1
CP042530.1,1,1,-1,1,1,1,1,1,1,-1,-1,1,1,-1,-1,-1,-2,-1,1,1,1,2,1,1
CP154227.1,1,1,-1,1,1,1,1,1,1,-1,-1,1,1,-1,-1,-1,-2,-1,1,1,1,2,1,1
CP041247.1,1,1,-1,1,1,1,1,1,1,-1,-1,1,1,-1,-1,-1,-2,-1,1,1,1,2,1,1
CP022823.1,1,1,-1,1,1,1,1,1,1,-1,-1,1,1,-1,-1,-1,-2,-1,1,1,1,2,1,1
OW849334.1,1,1,-1,1,1,1,1,1,1,-1,-1,1,1,-1,-1,-1,-2,-1,1,1,1,2,1,1
CP062138.1,1,1,-1,1,1,1,1,1,1,-1,-1,1,1,-1,-1,-1,-2,-1,1,1,1,2,1,1
CP059391.1,1,1,-1,1,1,1,1,1,1,-1,-1,1,1,-1,-1,-1,-2,-1,1,1,1,2,1,1
AP022547.1,1,1,-1,1,1,1,1,1,1,-1,-1,1,1,-1,-1,-1,-2,-1,1,1,1,2,1,1
CP056682.1,1,1,-1,1,1,1,1,1,1,-1,-1,1,1,-1,-1,-1,-2,-1,1,1,1,2,1,1
CP082360.1,1,1,-1,1,1,1,1,1,1,-1,-1,1,1,-1,-1,-1,-2,-1,1,1,1,2,1,1
CP073236.1,1,1,-1,1,1,1,1,1,1,-1,-1,1,1,-1,-1,-1,-2,-1,1,1,1,2,1,1
CP114308.1,1,1,-1,1,1,1,1,1,1,-1,-1,1,1,-1,-1,-1,-2,-1,1,1,1,2,1,1
CP119320.1,1,1,-1,1,1,1,1,1,1,-1,-1,1,1,-1,-1,-1,-2,-1,1,1,1,2,1,1
CP042530.1,1,1,-1,1,1,1,1,1,1,-1,-1,1,1,-1,-1,-1,-2,-1,1,1,1,2,1,1
CP154227.1,1,1,-1,1,1,1,1,1,1,-1,-1,1,1,-1,-1,-1,-2,-1,1,1,1,2,1,1
CP041247.1,1,1,-1,1,1,1,1,1,1,-1,-1,1,1,-1,-1,-1,-2,-1,1,1,1,2,1,1
CP022823.1,1,1,-1,1,1,1,1,1,1,-1,-1,1,1,-1,-1,-1,-2,-1,1,1,1,2,1,1
OW849334.1,1,1,-1,1,1,1,1,1,1,-1,-1,1,1,-1,-1,-1,-2,-1,1,1,1,2,1,1
CP062138.1,1,1,-1,1,1,1,1,1,1,-1,-1,1,1,-1,-1,-1,-2,-1,1,1,1,2,1,1
CP059391.1,1,1,-1,1,1,1,1,1,1,-1,-1,1,1,-1,-1,-1,-2,-1,1,1,1,2,1,1
AP022547.1,1,1,-1,1,1,1,1,1,1,-1,-1,1,1,-1,-1,-1,-2,-1,1,1,1,2,1,1
CP056682.1,1,1,-1,1,1,1,1,1,1,-1,-1,1,1,-1,-1,-1,-2,-1,1,1,1,2,1,1
CP082360.1,1,1,-1,1,1,1,1,1,1,-1,-1,1,1,-1,-1,-1,-2,-1,1,1,1,2,1,1
CP073236.1,1,1,-1,1,1,1,1,1,1,-1,-1,1,1,-1,-1,-1,-2,-1,1,1,1,2,1,1
CP114308.1,1,1,-1,1,1,1,1,1,1,-1,-1,1,1,-1,-1,-1,-2,-1,1,1,1,2,1,1
CP119320.1,1,1,-1,1,1,1,1,1,1,-1,-1,1,1,-1,-1,-1,-2,-1,1,1,1,2,1,1
CP042530.1,1,1,-1,1,1,1,1,1,1,-1,-1,1,1,-1,-1,-1,-2,-1,1,1,1,2,1,1
CP154227.1,1,1,-1,1,1,1,1,1,1,-1,-1,1,1,-1,-1,-1,-2,-1,1,1,1,2,1,1
CP041247.1,1,1,-1,1,1,1,1,1,1,-1,-1,1,1,-1,-1,-1,-2,-1,1,1,1,2,1,1
CP149436.1,1,1,-1,1,1,1,1,1,1,-1,-1,1,1,-1,-1,-1,-1,-1,1,1,1,1,1,1
CP026167.1,1,1,-1,1,1,1,1,1,1,-1,-1,1,1,-1,-1,-1,-1,-1,1,1,1,1,1,1
CP106665.1,1,1,-1,1,1,1,1,1,1,-1,-1,1,1,-1,-1,-1,-1,-1,1,1,1,1,1,1
CP076838.1,1,1,-1,1,1,1,1,1,1,-1,-1,1,1,-1,-1,-1,-1,-1,1,1,1,1,1,1
CP149436.1,1,1,-1,1,1,1,1,1,1,-1,-1,1,1,-1,-1,-1,-1,-1,1,1,1,1,1,1
CP026167.1,1,1,-1,1,1,1,1,1,1,-1,-1,1,1,-1,-1,-1,-1,-1,1,1,1,1,1,1
CP106665.1,1,1,-1,1,1,1,1,1,1,-1,-1,1,1,-1,-1,-1,-1,-1,1,1,1,1,1,1
CP076838.1,1,1,-1,1,1,1,1,1,1,-1,-1,1,1,-1,-1,-1,-1,-1,1,1,1,1,1,1
CP020388.1,1,1,-1,1,-1,1,-1,1,-1,-1,-2,1,-2,-1,-1,-2,-1,-1,-1,1,1,1,1,1
CP086374.1,1,1,-1,2,1,1,1,1,1,-1,-1,1,1,-1,-1,-1,-1,-1,1,1,1,1,1,1
CP044121.1,1,1,-1,1,1,1,1,1,1,-1,-1,1,1,-1,-1,-1,-1,-1,1,1,1,1,1,1
CP033683.1,1,1,-1,1,1,1,1,1,1,-1,-1,1,1,-1,-1,-1,-1,-1,1,1,1,1,1,1
CP128837.1,1,1,-1,1,1,1,1,1,1,-1,-1,1,1,-1,-1,-1,-1,-1,1,1,1,1,1,1
LR595855.1,1,1,-1,1,1,1,1,1,1,-1,-1,1,1,-1,-1,-1,-1,-1,1,1,1,1,1,1
CP030874.1,1,1,-1,1,1,1,1,1,1,-1,-1,1,1,-1,-1,-1,-1,-1,1,1,1,1,1,1
CP172746.1,1,1,-1,1,1,1,1,1,1,-1,-1,1,1,-1,-1,-1,-1,-1,1,1,1,1,1,1
LR133996.1,1,1,-1,1,1,1,1,2,1,-1,-2,1,1,-1,-2,-2,-1,-1,1,2,2,2,1,1
LR134215.1,1,1,-1,1,1,1,1,2,1,-1,-2,1,1,-1,-2,-2,-1,-1,1,2,2,2,1,1
LR133996.1,1,1,-1,1,1,1,1,2,1,-1,-2,1,1,-1,-2,-2,-1,-1,1,2,2,2,1,1
LR134215.1,1,1,-1,1,1,1,1,2,1,-1,-2,1,1,-1,-2,-2,-1,-1,1,2,2,2,1,1
CP074352.1,1,-1,-1,1,-1,1,1,1,-1,1,-1,-1,-1,-1,-1,-1,-1,-1,-1,1,1,2,-1,-1
CP134402.1,1,-1,-1,1,-1,1,1,1,-1,1,-1,-1,-1,-1,-1,-1,-1,-1,-1,1,1,2,-1,-1
