Name,Taxon,GGCTCA|6|32|45,CCGCTC|6|54|60,GGTTTGC|7|16|158,CTCTTAT|7|18|140,CACTTTG|7|26|168,AACTGTT|7|27|105,TGCTTCA|7|29|179,AGCTCCC|7|31|253,CCGTGTA|7|54|100,GCGTTTT|7|56|170,CTCCCAA|7|82|196,GTGCTTA|7|116|162,TAGCCCC|7|121|255,CAGCCAG|7|122|200,TGGCGCC|7|125|127,TGGCCTC|7|125|239,GGGCTCA|7|128|178,GTCATTG|7|148|166,CGGACCG|7|190|248,CCTGCTC|7|198|240,GTCGCTA|7|212|226
CP096201.1,Kluyvera,-1,-1,-1,2,-1,1,-1,1,1,1,-2,-2,-1,-1,-1,-1,-1,2,-1,-2,-1
CP082841.1,Kluyvera,-1,-1,-1,2,-1,1,-1,1,1,1,-2,-2,-1,-1,-1,-1,-1,2,-1,-2,-1
CP022114.1,Kluyvera,-1,-1,-1,2,-1,1,-1,1,1,1,-2,-2,-1,-1,-1,-1,-1,2,-1,-2,-1
CP134165.1,Kluyvera,-1,-1,-1,2,-1,1,-1,1,1,1,-2,-2,-1,-1,-1,-1,-1,2,-1,-2,-1
CP123488.1,Kluyvera,-1,-1,-1,2,-1,1,-1,1,1,1,-2,-2,-1,-1,-1,-1,-1,2,-1,-2,-1
CP096201.1,Kluyvera,-1,-1,-1,2,-1,1,-1,1,1,1,-2,-2,-1,-1,-1,-1,-1,2,-1,-2,-1
CP082841.1,Kluyvera,-1,-1,-1,2,-1,1,-1,1,1,1,-2,-2,-1,-1,-1,-1,-1,2,-1,-2,-1
CP022114.1,Kluyvera,-1,-1,-1,2,-1,1,-1,1,1,1,-2,-2,-1,-1,-1,-1,-1,2,-1,-2,-1
CP134165.1,Kluyvera,-1,-1,-1,2,-1,1,-1,1,1,1,-2,-2,-1,-1,-1,-1,-1,2,-1,-2,-1
CP123488.1,Kluyvera,-1,-1,-1,2,-1,1,-1,1,1,1,-2,-2,-1,-1,-1,-1,-1,2,-1,-2,-1
CP087880.1,Pseudocitrobacter,-1,-1,-2,1,-2,2,-2,1,1,1,-2,-2,-1,-2,-1,-1,-2,1,-2,-1,-1
CP054058.1,Scandinavium,-1,-1,-1,1,-2,2,-1,1,1,1,-1,-1,-1,-1,-1,1,-1,1,-1,-1,-1
CP119754.1,Superficieibacter,-1,-1,-1,-1,-1,1,1,-1,1,1,-2,-1,-1,-1,-1,1,1,-1,1,-1,-1
AP028957.1,Atlantibacter,-1,-2,1,1,-1,2,-1,1,1,1,-2,-1,-1,-1,-1,-1,-1,2,1,-1,-2
LR134136.1,Atlantibacter,-1,-2,1,1,-1,2,-1,1,1,1,-2,-1,-1,-1,-1,-1,-1,2,1,-1,-2
CP016337.1,Kosakonia,-2,-2,-2,2,-2,2,-2,2,2,2,-2,-2,-2,-2,-2,-2,-2,2,-2,-2,-2
CP014007.2,Kosakonia,-2,-2,-2,2,-2,2,-2,2,2,2,-2,-2,-2,-2,-2,-2,-2,2,-2,-2,-2
CP137744.1,Kosakonia,-2,-2,-2,2,-2,2,-2,2,2,2,-2,-2,-2,-2,-2,-2,-2,2,-2,-2,-2
CP040392.1,Kosakonia,-2,-2,-2,2,-2,2,-2,2,2,2,-2,-2,-2,-2,-2,-2,-2,2,-2,-2,-2
CP034225.1,Kosakonia,-2,-2,-2,2,-2,2,-2,2,2,2,-2,-2,-2,-2,-2,-2,-2,2,-2,-2,-2
CP115659.1,Kosakonia,-2,-2,-2,2,-2,2,-2,2,2,2,-2,-2,-2,-2,-2,-2,-2,2,-2,-2,-2
CP063425.1,Kosakonia,-2,-2,-2,2,-2,2,-2,2,2,2,-2,-2,-2,-2,-2,-2,-2,2,-2,-2,-2
CP106754.1,Kosakonia,-2,-2,-2,2,-2,2,-2,2,2,2,-2,-2,-2,-2,-2,-2,-2,2,-2,-2,-2
CP045300.1,Kosakonia,-2,-2,-2,2,-2,2,-2,2,2,2,-2,-2,-2,-2,-2,-2,-2,2,-2,-2,-2
CP065358.1,Kosakonia,-2,-2,-2,2,-2,2,-2,2,2,2,-2,-2,-2,-2,-2,-2,-2,2,-2,-2,-2
CP160410.1,Kosakonia,-2,-2,-2,2,-2,2,-2,2,2,2,-2,-2,-2,-2,-2,-2,-2,2,-2,-2,-2
CP016337.1,Kosakonia,-2,-2,-2,2,-2,2,-2,2,2,2,-2,-2,-2,-2,-2,-2,-2,2,-2,-2,-2
CP014007.2,Kosakonia,-2,-2,-2,2,-2,2,-2,2,2,2,-2,-2,-2,-2,-2,-2,-2,2,-2,-2,-2
CP137744.1,Kosakonia,-2,-2,-2,2,-2,2,-2,2,2,2,-2,-2,-2,-2,-2,-2,-2,2,-2,-2,-2
CP040392.1,Kosakonia,-2,-2,-2,2,-2,2,-2,2,2,2,-2,-2,-2,-2,-2,-2,-2,2,-2,-2,-2
CP034225.1,Kosakonia,-2,-2,-2,2,-2,2,-2,2,2,2,-2,-2,-2,-2,-2,-2,-2,2,-2,-2,-2
CP115659.1,Kosakonia,-2,-2,-2,2,-2,2,-2,2,2,2,-2,-2,-2,-2,-2,-2,-2,2,-2,-2,-2
CP063425.1,Kosakonia,-2,-2,-2,2,-2,2,-2,2,2,2,-2,-2,-2,-2,-2,-2,-2,2,-2,-2,-2
CP106754.1,Kosakonia,-2,-2,-2,2,-2,2,-2,2,2,2,-2,-2,-2,-2,-2,-2,-2,2,-2,-2,-2
CP045300.1,Kosakonia,-2,-2,-2,2,-2,2,-2,2,2,2,-2,-2,-2,-2,-2,-2,-2,2,-2,-2,-2
CP065358.1,Kosakonia,-2,-2,-2,2,-2,2,-2,2,2,2,-2,-2,-2,-2,-2,-2,-2,2,-2,-2,-2
CP160410.1,Kosakonia,-2,-2,-2,2,-2,2,-2,2,2,2,-2,-2,-2,-2,-2,-2,-2,2,-2,-2,-2
CP016337.1,Kosakonia,-2,-2,-2,2,-2,2,-2,2,2,2,-2,-2,-2,-2,-2,-2,-2,2,-2,-2,-2
CP014007.2,Kosakonia,-2,-2,-2,2,-2,2,-2,2,2,2,-2,-2,-2,-2,-2,-2,-2,2,-2,-2,-2
CP137744.1,Kosakonia,-2,-2,-2,2,-2,2,-2,2,2,2,-2,-2,-2,-2,-2,-2,-2,2,-2,-2,-2
CP040392.1,Kosakonia,-2,-2,-2,2,-2,2,-2,2,2,2,-2,-2,-2,-2,-2,-2,-2,2,-2,-2,-2
CP034225.1,Kosakonia,-2,-2,-2,2,-2,2,-2,2,2,2,-2,-2,-2,-2,-2,-2,-2,2,-2,-2,-2
CP115659.1,Kosakonia,-2,-2,-2,2,-2,2,-2,2,2,2,-2,-2,-2,-2,-2,-2,-2,2,-2,-2,-2
CP063425.1,Kosakonia,-2,-2,-2,2,-2,2,-2,2,2,2,-2,-2,-2,-2,-2,-2,-2,2,-2,-2,-2
CP106754.1,Kosakonia,-2,-2,-2,2,-2,2,-2,2,2,2,-2,-2,-2,-2,-2,-2,-2,2,-2,-2,-2
CP045300.1,Kosakonia,-2,-2,-2,2,-2,2,-2,2,2,2,-2,-2,-2,-2,-2,-2,-2,2,-2,-2,-2
CP065358.1,Kosakonia,-2,-2,-2,2,-2,2,-2,2,2,2,-2,-2,-2,-2,-2,-2,-2,2,-2,-2,-2
CP160410.1,Kosakonia,-2,-2,-2,2,-2,2,-2,2,2,2,-2,-2,-2,-2,-2,-2,-2,2,-2,-2,-2
CP016337.1,Kosakonia,-2,-2,-2,2,-2,2,-2,2,2,2,-2,-2,-2,-2,-2,-2,-2,2,-2,-2,-2
CP014007.2,Kosakonia,-2,-2,-2,2,-2,2,-2,2,2,2,-2,-2,-2,-2,-2,-2,-2,2,-2,-2,-2
CP137744.1,Kosakonia,-2,-2,-2,2,-2,2,-2,2,2,2,-2,-2,-2,-2,-2,-2,-2,2,-2,-2,-2
CP040392.1,Kosakonia,-2,-2,-2,2,-2,2,-2,2,2,2,-2,-2,-2,-2,-2,-2,-2,2,-2,-2,-2
CP034225.1,Kosakonia,-2,-2,-2,2,-2,2,-2,2,2,2,-2,-2,-2,-2,-2,-2,-2,2,-2,-2,-2
CP115659.1,Kosakonia,-2,-2,-2,2,-2,2,-2,2,2,2,-2,-2,-2,-2,-2,-2,-2,2,-2,-2,-2
CP063425.1,Kosakonia,-2,-2,-2,2,-2,2,-2,2,2,2,-2,-2,-2,-2,-2,-2,-2,2,-2,-2,-2
CP106754.1,Kosakonia,-2,-2,-2,2,-2,2,-2,2,2,2,-2,-2,-2,-2,-2,-2,-2,2,-2,-2,-2
CP045300.1,Kosakonia,-2,-2,-2,2,-2,2,-2,2,2,2,-2,-2,-2,-2,-2,-2,-2,2,-2,-2,-2
CP065358.1,Kosakonia,-2,-2,-2,2,-2,2,-2,2,2,2,-2,-2,-2,-2,-2,-2,-2,2,-2,-2,-2
CP160410.1,Kosakonia,-2,-2,-2,2,-2,2,-2,2,2,2,-2,-2,-2,-2,-2,-2,-2,2,-2,-2,-2
CP016337.1,Kosakonia,-2,-2,-2,2,-2,2,-2,2,2,2,-2,-2,-2,-2,-2,-2,-2,2,-2,-2,-2
CP014007.2,Kosakonia,-2,-2,-2,2,-2,2,-2,2,2,2,-2,-2,-2,-2,-2,-2,-2,2,-2,-2,-2
CP137744.1,Kosakonia,-2,-2,-2,2,-2,2,-2,2,2,2,-2,-2,-2,-2,-2,-2,-2,2,-2,-2,-2
CP040392.1,Kosakonia,-2,-2,-2,2,-2,2,-2,2,2,2,-2,-2,-2,-2,-2,-2,-2,2,-2,-2,-2
CP034225.1,Kosakonia,-2,-2,-2,2,-2,2,-2,2,2,2,-2,-2,-2,-2,-2,-2,-2,2,-2,-2,-2
CP115659.1,Kosakonia,-2,-2,-2,2,-2,2,-2,2,2,2,-2,-2,-2,-2,-2,-2,-2,2,-2,-2,-2
CP063425.1,Kosakonia,-2,-2,-2,2,-2,2,-2,2,2,2,-2,-2,-2,-2,-2,-2,-2,2,-2,-2,-2
CP106754.1,Kosakonia,-2,-2,-2,2,-2,2,-2,2,2,2,-2,-2,-2,-2,-2,-2,-2,2,-2,-2,-2
CP045300.1,Kosakonia,-2,-2,-2,2,-2,2,-2,2,2,2,-2,-2,-2,-2,-2,-2,-2,2,-2,-2,-2
CP065358.1,Kosakonia,-2,-2,-2,2,-2,2,-2,2,2,2,-2,-2,-2,-2,-2,-2,-2,2,-2,-2,-2
CP160410.1,Kosakonia,-2,-2,-2,2,-2,2,-2,2,2,2,-2,-2,-2,-2,-2,-2,-2,2,-2,-2,-2
CP062196.1,Plesiomonas,-2,-2,-2,2,-2,2,-1,2,2,2,-2,-2,-1,-2,-2,-2,-2,2,-2,-2,-2
LR134201.1,Cedecea,-1,-1,-1,2,-1,-1,-1,1,1,1,1,-1,-1,-1,-1,-1,-1,-1,-1,1,-1
CP172054.1,Cedecea,-1,-1,-1,2,-1,-1,-1,1,1,1,1,-1,-1,-1,-1,-1,-1,-1,-1,1,-1
CP134767.1,Cedecea,-1,-1,-1,2,-1,-1,-1,1,1,1,1,-1,-1,-1,-1,-1,-1,-1,-1,1,-1
LR134201.1,Cedecea,-1,-1,-1,2,-1,-1,-1,1,1,1,1,-1,-1,-1,-1,-1,-1,-1,-1,1,-1
CP172054.1,Cedecea,-1,-1,-1,2,-1,-1,-1,1,1,1,1,-1,-1,-1,-1,-1,-1,-1,-1,1,-1
CP134767.1,Cedecea,-1,-1,-1,2,-1,-1,-1,1,1,1,1,-1,-1,-1,-1,-1,-1,-1,-1,1,-1
CP167917.1,Dryocola,-1,-1,-1,1,-1,1,-1,1,1,1,-1,-1,-1,-1,1,1,-1,-1,1,-1,-1
CP126604.1,Enterobacter,1,1,1,-1,1,-1,1,-1,-1,-1,1,1,1,1,1,1,1,-1,1,1,1
CP162152.1,Enterobacter,1,1,1,-1,1,-1,1,-1,-1,-1,1,1,1,1,1,1,1,-1,1,1,1
CP123376.1,Enterobacter,1,1,1,-1,1,-1,1,-1,-1,-1,1,1,1,1,1,1,1,-1,1,1,1
CP025225.1,Enterobacter,1,1,1,-1,1,-1,1,-1,-1,-1,1,1,1,1,1,1,1,-1,1,1,1
CP056779.1,Enterobacter,1,1,1,-1,1,-1,1,-1,-1,-1,1,1,1,1,1,1,1,-1,1,1,1
CP020525.1,Enterobacter,1,1,1,-1,1,-1,1,-1,-1,-1,1,1,1,1,1,1,1,-1,1,1,1
AP019007.1,Enterobacter,1,1,1,-1,1,-1,1,-1,-1,-1,1,1,1,1,1,1,1,-1,1,1,1
CP011581.1,Enterobacter,1,1,1,-1,1,-1,1,-1,-1,-1,1,1,1,1,1,1,1,-1,1,1,1
CP020817.3,Enterobacter,1,1,1,-1,1,-1,1,-1,-1,-1,1,1,1,1,1,1,1,-1,1,1,1
CP143717.1,Enterobacter,1,1,1,-1,1,-1,1,-1,-1,-1,1,1,1,1,1,1,1,-1,1,1,1
CP142124.1,Enterobacter,1,1,1,-1,1,-1,1,-1,-1,-1,1,1,1,1,1,1,1,-1,1,1,1
CP091779.1,Enterobacter,1,1,1,-1,1,-1,1,-1,-1,-1,1,1,1,1,1,1,1,-1,1,1,1
CP082280.1,Enterobacter,1,1,1,-1,1,-1,1,-1,-1,-1,1,1,1,1,1,1,1,-1,1,1,1
CP154353.1,Enterobacter,1,1,1,-1,1,-1,1,-1,-1,-1,1,1,1,1,1,1,1,-1,1,1,1
CP143681.1,Enterobacter,1,1,1,-1,1,-1,1,-1,-1,-1,1,1,1,1,1,1,1,-1,1,1,1
CP133578.1,Enterobacter,1,1,1,-1,1,-1,1,-1,-1,-1,1,1,1,1,1,1,1,-1,1,1,1
CP017087.1,Enterobacter,1,1,1,-1,1,-1,1,-1,-1,-1,1,1,1,1,1,1,1,-1,1,1,1
CP129026.1,Enterobacter,1,1,1,-1,1,-1,1,-1,-1,-1,1,1,1,1,1,1,1,-1,1,1,1
CP143745.1,Enterobacter,1,1,1,-1,1,-1,1,-1,-1,-1,1,1,1,1,1,1,1,-1,1,1,1
CP043342.1,Enterobacter,1,1,1,-1,1,-1,1,-1,-1,-1,1,1,1,1,1,1,1,-1,1,1,1
CP110983.1,Enterobacter,1,1,1,-1,1,-1,1,-1,-1,-1,1,1,1,1,1,1,1,-1,1,1,1
CP027986.1,Enterobacter,1,1,1,-1,1,-1,1,-1,-1,-1,1,1,1,1,1,1,1,-1,1,1,1
CP110533.1,Enterobacter,1,1,1,-1,1,-1,1,-1,-1,-1,1,1,1,1,1,1,1,-1,1,1,1
CP043318.1,Enterobacter,1,1,1,-1,1,-1,1,-1,-1,-1,1,1,1,1,1,1,1,-1,1,1,1
CP133346.1,Enterobacter,1,1,1,-1,1,-1,1,-1,-1,-1,1,1,1,1,1,1,1,-1,1,1,1
CP071178.1,Enterobacter,1,1,1,-1,1,-1,1,-1,-1,-1,1,1,1,1,1,1,1,-1,1,1,1
CP126604.1,Enterobacter,1,1,1,-1,1,-1,1,-1,-1,-1,1,1,1,1,1,1,1,-1,1,1,1
CP162152.1,Enterobacter,1,1,1,-1,1,-1,1,-1,-1,-1,1,1,1,1,1,1,1,-1,1,1,1
CP123376.1,Enterobacter,1,1,1,-1,1,-1,1,-1,-1,-1,1,1,1,1,1,1,1,-1,1,1,1
CP025225.1,Enterobacter,1,1,1,-1,1,-1,1,-1,-1,-1,1,1,1,1,1,1,1,-1,1,1,1
CP056779.1,Enterobacter,1,1,1,-1,1,-1,1,-1,-1,-1,1,1,1,1,1,1,1,-1,1,1,1
CP020525.1,Enterobacter,1,1,1,-1,1,-1,1,-1,-1,-1,1,1,1,1,1,1,1,-1,1,1,1
AP019007.1,Enterobacter,1,1,1,-1,1,-1,1,-1,-1,-1,1,1,1,1,1,1,1,-1,1,1,1
CP011581.1,Enterobacter,1,1,1,-1,1,-1,1,-1,-1,-1,1,1,1,1,1,1,1,-1,1,1,1
CP020817.3,Enterobacter,1,1,1,-1,1,-1,1,-1,-1,-1,1,1,1,1,1,1,1,-1,1,1,1
CP143717.1,Enterobacter,1,1,1,-1,1,-1,1,-1,-1,-1,1,1,1,1,1,1,1,-1,1,1,1
CP142124.1,Enterobacter,1,1,1,-1,1,-1,1,-1,-1,-1,1,1,1,1,1,1,1,-1,1,1,1
CP091779.1,Enterobacter,1,1,1,-1,1,-1,1,-1,-1,-1,1,1,1,1,1,1,1,-1,1,1,1
CP082280.1,Enterobacter,1,1,1,-1,1,-1,1,-1,-1,-1,1,1,1,1,1,1,1,-1,1,1,1
CP154353.1,Enterobacter,1,1,1,-1,1,-1,1,-1,-1,-1,1,1,1,1,1,1,1,-1,1,1,1
CP143681.1,Enterobacter,1,1,1,-1,1,-1,1,-1,-1,-1,1,1,1,1,1,1,1,-1,1,1,1
CP133578.1,Enterobacter,1,1,1,-1,1,-1,1,-1,-1,-1,1,1,1,1,1,1,1,-1,1,1,1
CP017087.1,Enterobacter,1,1,1,-1,1,-1,1,-1,-1,-1,1,1,1,1,1,1,1,-1,1,1,1
CP129026.1,Enterobacter,1,1,1,-1,1,-1,1,-1,-1,-1,1,1,1,1,1,1,1,-1,1,1,1
CP143745.1,Enterobacter,1,1,1,-1,1,-1,1,-1,-1,-1,1,1,1,1,1,1,1,-1,1,1,1
CP043342.1,Enterobacter,1,1,1,-1,1,-1,1,-1,-1,-1,1,1,1,1,1,1,1,-1,1,1,1
CP110983.1,Enterobacter,1,1,1,-1,1,-1,1,-1,-1,-1,1,1,1,1,1,1,1,-1,1,1,1
CP027986.1,Enterobacter,1,1,1,-1,1,-1,1,-1,-1,-1,1,1,1,1,1,1,1,-1,1,1,1
CP110533.1,Enterobacter,1,1,1,-1,1,-1,1,-1,-1,-1,1,1,1,1,1,1,1,-1,1,1,1
CP043318.1,Enterobacter,1,1,1,-1,1,-1,1,-1,-1,-1,1,1,1,1,1,1,1,-1,1,1,1
CP133346.1,Enterobacter,1,1,1,-1,1,-1,1,-1,-1,-1,1,1,1,1,1,1,1,-1,1,1,1
CP071178.1,Enterobacter,1,1,1,-1,1,-1,1,-1,-1,-1,1,1,1,1,1,1,1,-1,1,1,1
CP126604.1,Enterobacter,1,1,1,-1,1,-1,1,-1,-1,-1,1,1,1,1,1,1,1,-1,1,1,1
CP162152.1,Enterobacter,1,1,1,-1,1,-1,1,-1,-1,-1,1,1,1,1,1,1,1,-1,1,1,1
CP123376.1,Enterobacter,1,1,1,-1,1,-1,1,-1,-1,-1,1,1,1,1,1,1,1,-1,1,1,1
CP025225.1,Enterobacter,1,1,1,-1,1,-1,1,-1,-1,-1,1,1,1,1,1,1,1,-1,1,1,1
CP056779.1,Enterobacter,1,1,1,-1,1,-1,1,-1,-1,-1,1,1,1,1,1,1,1,-1,1,1,1
CP020525.1,Enterobacter,1,1,1,-1,1,-1,1,-1,-1,-1,1,1,1,1,1,1,1,-1,1,1,1
AP019007.1,Enterobacter,1,1,1,-1,1,-1,1,-1,-1,-1,1,1,1,1,1,1,1,-1,1,1,1
CP011581.1,Enterobacter,1,1,1,-1,1,-1,1,-1,-1,-1,1,1,1,1,1,1,1,-1,1,1,1
CP020817.3,Enterobacter,1,1,1,-1,1,-1,1,-1,-1,-1,1,1,1,1,1,1,1,-1,1,1,1
CP143717.1,Enterobacter,1,1,1,-1,1,-1,1,-1,-1,-1,1,1,1,1,1,1,1,-1,1,1,1
CP142124.1,Enterobacter,1,1,1,-1,1,-1,1,-1,-1,-1,1,1,1,1,1,1,1,-1,1,1,1
CP091779.1,Enterobacter,1,1,1,-1,1,-1,1,-1,-1,-1,1,1,1,1,1,1,1,-1,1,1,1
CP082280.1,Enterobacter,1,1,1,-1,1,-1,1,-1,-1,-1,1,1,1,1,1,1,1,-1,1,1,1
CP154353.1,Enterobacter,1,1,1,-1,1,-1,1,-1,-1,-1,1,1,1,1,1,1,1,-1,1,1,1
CP143681.1,Enterobacter,1,1,1,-1,1,-1,1,-1,-1,-1,1,1,1,1,1,1,1,-1,1,1,1
CP133578.1,Enterobacter,1,1,1,-1,1,-1,1,-1,-1,-1,1,1,1,1,1,1,1,-1,1,1,1
CP017087.1,Enterobacter,1,1,1,-1,1,-1,1,-1,-1,-1,1,1,1,1,1,1,1,-1,1,1,1
CP129026.1,Enterobacter,1,1,1,-1,1,-1,1,-1,-1,-1,1,1,1,1,1,1,1,-1,1,1,1
CP143745.1,Enterobacter,1,1,1,-1,1,-1,1,-1,-1,-1,1,1,1,1,1,1,1,-1,1,1,1
CP043342.1,Enterobacter,1,1,1,-1,1,-1,1,-1,-1,-1,1,1,1,1,1,1,1,-1,1,1,1
CP110983.1,Enterobacter,1,1,1,-1,1,-1,1,-1,-1,-1,1,1,1,1,1,1,1,-1,1,1,1
CP027986.1,Enterobacter,1,1,1,-1,1,-1,1,-1,-1,-1,1,1,1,1,1,1,1,-1,1,1,1
CP110533.1,Enterobacter,1,1,1,-1,1,-1,1,-1,-1,-1,1,1,1,1,1,1,1,-1,1,1,1
CP043318.1,Enterobacter,1,1,1,-1,1,-1,1,-1,-1,-1,1,1,1,1,1,1,1,-1,1,1,1
CP133346.1,Enterobacter,1,1,1,-1,1,-1,1,-1,-1,-1,1,1,1,1,1,1,1,-1,1,1,1
CP071178.1,Enterobacter,1,1,1,-1,1,-1,1,-1,-1,-1,1,1,1,1,1,1,1,-1,1,1,1
CP126604.1,Enterobacter,1,1,1,-1,1,-1,1,-1,-1,-1,1,1,1,1,1,1,1,-1,1,1,1
CP162152.1,Enterobacter,1,1,1,-1,1,-1,1,-1,-1,-1,1,1,1,1,1,1,1,-1,1,1,1
CP123376.1,Enterobacter,1,1,1,-1,1,-1,1,-1,-1,-1,1,1,1,1,1,1,1,-1,1,1,1
CP025225.1,Enterobacter,1,1,1,-1,1,-1,1,-1,-1,-1,1,1,1,1,1,1,1,-1,1,1,1
CP056779.1,Enterobacter,1,1,1,-1,1,-1,1,-1,-1,-1,1,1,1,1,1,1,1,-1,1,1,1
CP020525.1,Enterobacter,1,1,1,-1,1,-1,1,-1,-1,-1,1,1,1,1,1,1,1,-1,1,1,1
AP019007.1,Enterobacter,1,1,1,-1,1,-1,1,-1,-1,-1,1,1,1,1,1,1,1,-1,1,1,1
CP011581.1,Enterobacter,1,1,1,-1,1,-1,1,-1,-1,-1,1,1,1,1,1,1,1,-1,1,1,1
CP020817.3,Enterobacter,1,1,1,-1,1,-1,1,-1,-1,-1,1,1,1,1,1,1,1,-1,1,1,1
CP143717.1,Enterobacter,1,1,1,-1,1,-1,1,-1,-1,-1,1,1,1,1,1,1,1,-1,1,1,1
CP142124.1,Enterobacter,1,1,1,-1,1,-1,1,-1,-1,-1,1,1,1,1,1,1,1,-1,1,1,1
CP091779.1,Enterobacter,1,1,1,-1,1,-1,1,-1,-1,-1,1,1,1,1,1,1,1,-1,1,1,1
CP082280.1,Enterobacter,1,1,1,-1,1,-1,1,-1,-1,-1,1,1,1,1,1,1,1,-1,1,1,1
CP154353.1,Enterobacter,1,1,1,-1,1,-1,1,-1,-1,-1,1,1,1,1,1,1,1,-1,1,1,1
CP143681.1,Enterobacter,1,1,1,-1,1,-1,1,-1,-1,-1,1,1,1,1,1,1,1,-1,1,1,1
CP133578.1,Enterobacter,1,1,1,-1,1,-1,1,-1,-1,-1,1,1,1,1,1,1,1,-1,1,1,1
CP017087.1,Enterobacter,1,1,1,-1,1,-1,1,-1,-1,-1,1,1,1,1,1,1,1,-1,1,1,1
CP129026.1,Enterobacter,1,1,1,-1,1,-1,1,-1,-1,-1,1,1,1,1,1,1,1,-1,1,1,1
CP143745.1,Enterobacter,1,1,1,-1,1,-1,1,-1,-1,-1,1,1,1,1,1,1,1,-1,1,1,1
CP043342.1,Enterobacter,1,1,1,-1,1,-1,1,-1,-1,-1,1,1,1,1,1,1,1,-1,1,1,1
CP110983.1,Enterobacter,1,1,1,-1,1,-1,1,-1,-1,-1,1,1,1,1,1,1,1,-1,1,1,1
CP027986.1,Enterobacter,1,1,1,-1,1,-1,1,-1,-1,-1,1,1,1,1,1,1,1,-1,1,1,1
CP110533.1,Enterobacter,1,1,1,-1,1,-1,1,-1,-1,-1,1,1,1,1,1,1,1,-1,1,1,1
CP043318.1,Enterobacter,1,1,1,-1,1,-1,1,-1,-1,-1,1,1,1,1,1,1,1,-1,1,1,1
CP133346.1,Enterobacter,1,1,1,-1,1,-1,1,-1,-1,-1,1,1,1,1,1,1,1,-1,1,1,1
CP071178.1,Enterobacter,1,1,1,-1,1,-1,1,-1,-1,-1,1,1,1,1,1,1,1,-1,1,1,1
CP126604.1,Enterobacter,1,1,1,-1,1,-1,1,-1,-1,-1,1,1,1,1,1,1,1,-1,1,1,1
CP162152.1,Enterobacter,1,1,1,-1,1,-1,1,-1,-1,-1,1,1,1,1,1,1,1,-1,1,1,1
CP123376.1,Enterobacter,1,1,1,-1,1,-1,1,-1,-1,-1,1,1,1,1,1,1,1,-1,1,1,1
CP025225.1,Enterobacter,1,1,1,-1,1,-1,1,-1,-1,-1,1,1,1,1,1,1,1,-1,1,1,1
CP056779.1,Enterobacter,1,1,1,-1,1,-1,1,-1,-1,-1,1,1,1,1,1,1,1,-1,1,1,1
CP020525.1,Enterobacter,1,1,1,-1,1,-1,1,-1,-1,-1,1,1,1,1,1,1,1,-1,1,1,1
AP019007.1,Enterobacter,1,1,1,-1,1,-1,1,-1,-1,-1,1,1,1,1,1,1,1,-1,1,1,1
CP011581.1,Enterobacter,1,1,1,-1,1,-1,1,-1,-1,-1,1,1,1,1,1,1,1,-1,1,1,1
CP020817.3,Enterobacter,1,1,1,-1,1,-1,1,-1,-1,-1,1,1,1,1,1,1,1,-1,1,1,1
CP143717.1,Enterobacter,1,1,1,-1,1,-1,1,-1,-1,-1,1,1,1,1,1,1,1,-1,1,1,1
CP142124.1,Enterobacter,1,1,1,-1,1,-1,1,-1,-1,-1,1,1,1,1,1,1,1,-1,1,1,1
CP091779.1,Enterobacter,1,1,1,-1,1,-1,1,-1,-1,-1,1,1,1,1,1,1,1,-1,1,1,1
CP082280.1,Enterobacter,1,1,1,-1,1,-1,1,-1,-1,-1,1,1,1,1,1,1,1,-1,1,1,1
CP154353.1,Enterobacter,1,1,1,-1,1,-1,1,-1,-1,-1,1,1,1,1,1,1,1,-1,1,1,1
CP143681.1,Enterobacter,1,1,1,-1,1,-1,1,-1,-1,-1,1,1,1,1,1,1,1,-1,1,1,1
CP133578.1,Enterobacter,1,1,1,-1,1,-1,1,-1,-1,-1,1,1,1,1,1,1,1,-1,1,1,1
CP017087.1,Enterobacter,1,1,1,-1,1,-1,1,-1,-1,-1,1,1,1,1,1,1,1,-1,1,1,1
CP129026.1,Enterobacter,1,1,1,-1,1,-1,1,-1,-1,-1,1,1,1,1,1,1,1,-1,1,1,1
CP143745.1,Enterobacter,1,1,1,-1,1,-1,1,-1,-1,-1,1,1,1,1,1,1,1,-1,1,1,1
CP043342.1,Enterobacter,1,1,1,-1,1,-1,1,-1,-1,-1,1,1,1,1,1,1,1,-1,1,1,1
CP110983.1,Enterobacter,1,1,1,-1,1,-1,1,-1,-1,-1,1,1,1,1,1,1,1,-1,1,1,1
CP027986.1,Enterobacter,1,1,1,-1,1,-1,1,-1,-1,-1,1,1,1,1,1,1,1,-1,1,1,1
CP110533.1,Enterobacter,1,1,1,-1,1,-1,1,-1,-1,-1,1,1,1,1,1,1,1,-1,1,1,1
CP043318.1,Enterobacter,1,1,1,-1,1,-1,1,-1,-1,-1,1,1,1,1,1,1,1,-1,1,1,1
CP133346.1,Enterobacter,1,1,1,-1,1,-1,1,-1,-1,-1,1,1,1,1,1,1,1,-1,1,1,1
CP071178.1,Enterobacter,1,1,1,-1,1,-1,1,-1,-1,-1,1,1,1,1,1,1,1,-1,1,1,1
CP126604.1,Enterobacter,1,1,1,-1,1,-1,1,-1,-1,-1,1,1,1,1,1,1,1,-1,1,1,1
CP162152.1,Enterobacter,1,1,1,-1,1,-1,1,-1,-1,-1,1,1,1,1,1,1,1,-1,1,1,1
CP123376.1,Enterobacter,1,1,1,-1,1,-1,1,-1,-1,-1,1,1,1,1,1,1,1,-1,1,1,1
CP025225.1,Enterobacter,1,1,1,-1,1,-1,1,-1,-1,-1,1,1,1,1,1,1,1,-1,1,1,1
CP056779.1,Enterobacter,1,1,1,-1,1,-1,1,-1,-1,-1,1,1,1,1,1,1,1,-1,1,1,1
CP020525.1,Enterobacter,1,1,1,-1,1,-1,1,-1,-1,-1,1,1,1,1,1,1,1,-1,1,1,1
AP019007.1,Enterobacter,1,1,1,-1,1,-1,1,-1,-1,-1,1,1,1,1,1,1,1,-1,1,1,1
CP011581.1,Enterobacter,1,1,1,-1,1,-1,1,-1,-1,-1,1,1,1,1,1,1,1,-1,1,1,1
CP020817.3,Enterobacter,1,1,1,-1,1,-1,1,-1,-1,-1,1,1,1,1,1,1,1,-1,1,1,1
CP143717.1,Enterobacter,1,1,1,-1,1,-1,1,-1,-1,-1,1,1,1,1,1,1,1,-1,1,1,1
CP142124.1,Enterobacter,1,1,1,-1,1,-1,1,-1,-1,-1,1,1,1,1,1,1,1,-1,1,1,1
CP091779.1,Enterobacter,1,1,1,-1,1,-1,1,-1,-1,-1,1,1,1,1,1,1,1,-1,1,1,1
CP082280.1,Enterobacter,1,1,1,-1,1,-1,1,-1,-1,-1,1,1,1,1,1,1,1,-1,1,1,1
CP154353.1,Enterobacter,1,1,1,-1,1,-1,1,-1,-1,-1,1,1,1,1,1,1,1,-1,1,1,1
CP143681.1,Enterobacter,1,1,1,-1,1,-1,1,-1,-1,-1,1,1,1,1,1,1,1,-1,1,1,1
CP133578.1,Enterobacter,1,1,1,-1,1,-1,1,-1,-1,-1,1,1,1,1,1,1,1,-1,1,1,1
CP017087.1,Enterobacter,1,1,1,-1,1,-1,1,-1,-1,-1,1,1,1,1,1,1,1,-1,1,1,1
CP129026.1,Enterobacter,1,1,1,-1,1,-1,1,-1,-1,-1,1,1,1,1,1,1,1,-1,1,1,1
CP143745.1,Enterobacter,1,1,1,-1,1,-1,1,-1,-1,-1,1,1,1,1,1,1,1,-1,1,1,1
CP043342.1,Enterobacter,1,1,1,-1,1,-1,1,-1,-1,-1,1,1,1,1,1,1,1,-1,1,1,1
CP110983.1,Enterobacter,1,1,1,-1,1,-1,1,-1,-1,-1,1,1,1,1,1,1,1,-1,1,1,1
CP027986.1,Enterobacter,1,1,1,-1,1,-1,1,-1,-1,-1,1,1,1,1,1,1,1,-1,1,1,1
CP110533.1,Enterobacter,1,1,1,-1,1,-1,1,-1,-1,-1,1,1,1,1,1,1,1,-1,1,1,1
CP043318.1,Enterobacter,1,1,1,-1,1,-1,1,-1,-1,-1,1,1,1,1,1,1,1,-1,1,1,1
CP133346.1,Enterobacter,1,1,1,-1,1,-1,1,-1,-1,-1,1,1,1,1,1,1,1,-1,1,1,1
CP071178.1,Enterobacter,1,1,1,-1,1,-1,1,-1,-1,-1,1,1,1,1,1,1,1,-1,1,1,1
CP126604.1,Enterobacter,1,1,1,-1,1,-1,1,-1,-1,-1,1,1,1,1,1,1,1,-1,1,1,1
CP162152.1,Enterobacter,1,1,1,-1,1,-1,1,-1,-1,-1,1,1,1,1,1,1,1,-1,1,1,1
CP123376.1,Enterobacter,1,1,1,-1,1,-1,1,-1,-1,-1,1,1,1,1,1,1,1,-1,1,1,1
CP025225.1,Enterobacter,1,1,1,-1,1,-1,1,-1,-1,-1,1,1,1,1,1,1,1,-1,1,1,1
CP056779.1,Enterobacter,1,1,1,-1,1,-1,1,-1,-1,-1,1,1,1,1,1,1,1,-1,1,1,1
CP020525.1,Enterobacter,1,1,1,-1,1,-1,1,-1,-1,-1,1,1,1,1,1,1,1,-1,1,1,1
AP019007.1,Enterobacter,1,1,1,-1,1,-1,1,-1,-1,-1,1,1,1,1,1,1,1,-1,1,1,1
CP011581.1,Enterobacter,1,1,1,-1,1,-1,1,-1,-1,-1,1,1,1,1,1,1,1,-1,1,1,1
CP020817.3,Enterobacter,1,1,1,-1,1,-1,1,-1,-1,-1,1,1,1,1,1,1,1,-1,1,1,1
CP143717.1,Enterobacter,1,1,1,-1,1,-1,1,-1,-1,-1,1,1,1,1,1,1,1,-1,1,1,1
CP142124.1,Enterobacter,1,1,1,-1,1,-1,1,-1,-1,-1,1,1,1,1,1,1,1,-1,1,1,1
CP091779.1,Enterobacter,1,1,1,-1,1,-1,1,-1,-1,-1,1,1,1,1,1,1,1,-1,1,1,1
CP082280.1,Enterobacter,1,1,1,-1,1,-1,1,-1,-1,-1,1,1,1,1,1,1,1,-1,1,1,1
CP154353.1,Enterobacter,1,1,1,-1,1,-1,1,-1,-1,-1,1,1,1,1,1,1,1,-1,1,1,1
CP143681.1,Enterobacter,1,1,1,-1,1,-1,1,-1,-1,-1,1,1,1,1,1,1,1,-1,1,1,1
CP133578.1,Enterobacter,1,1,1,-1,1,-1,1,-1,-1,-1,1,1,1,1,1,1,1,-1,1,1,1
CP017087.1,Enterobacter,1,1,1,-1,1,-1,1,-1,-1,-1,1,1,1,1,1,1,1,-1,1,1,1
CP129026.1,Enterobacter,1,1,1,-1,1,-1,1,-1,-1,-1,1,1,1,1,1,1,1,-1,1,1,1
CP143745.1,Enterobacter,1,1,1,-1,1,-1,1,-1,-1,-1,1,1,1,1,1,1,1,-1,1,1,1
CP043342.1,Enterobacter,1,1,1,-1,1,-1,1,-1,-1,-1,1,1,1,1,1,1,1,-1,1,1,1
CP110983.1,Enterobacter,1,1,1,-1,1,-1,1,-1,-1,-1,1,1,1,1,1,1,1,-1,1,1,1
CP027986.1,Enterobacter,1,1,1,-1,1,-1,1,-1,-1,-1,1,1,1,1,1,1,1,-1,1,1,1
CP110533.1,Enterobacter,1,1,1,-1,1,-1,1,-1,-1,-1,1,1,1,1,1,1,1,-1,1,1,1
CP043318.1,Enterobacter,1,1,1,-1,1,-1,1,-1,-1,-1,1,1,1,1,1,1,1,-1,1,1,1
CP133346.1,Enterobacter,1,1,1,-1,1,-1,1,-1,-1,-1,1,1,1,1,1,1,1,-1,1,1,1
CP071178.1,Enterobacter,1,1,1,-1,1,-1,1,-1,-1,-1,1,1,1,1,1,1,1,-1,1,1,1
CP126604.1,Enterobacter,1,1,1,-1,1,-1,1,-1,-1,-1,1,1,1,1,1,1,1,-1,1,1,1
CP162152.1,Enterobacter,1,1,1,-1,1,-1,1,-1,-1,-1,1,1,1,1,1,1,1,-1,1,1,1
CP123376.1,Enterobacter,1,1,1,-1,1,-1,1,-1,-1,-1,1,1,1,1,1,1,1,-1,1,1,1
CP025225.1,Enterobacter,1,1,1,-1,1,-1,1,-1,-1,-1,1,1,1,1,1,1,1,-1,1,1,1
CP056779.1,Enterobacter,1,1,1,-1,1,-1,1,-1,-1,-1,1,1,1,1,1,1,1,-1,1,1,1
CP020525.1,Enterobacter,1,1,1,-1,1,-1,1,-1,-1,-1,1,1,1,1,1,1,1,-1,1,1,1
AP019007.1,Enterobacter,1,1,1,-1,1,-1,1,-1,-1,-1,1,1,1,1,1,1,1,-1,1,1,1
CP011581.1,Enterobacter,1,1,1,-1,1,-1,1,-1,-1,-1,1,1,1,1,1,1,1,-1,1,1,1
CP020817.3,Enterobacter,1,1,1,-1,1,-1,1,-1,-1,-1,1,1,1,1,1,1,1,-1,1,1,1
CP143717.1,Enterobacter,1,1,1,-1,1,-1,1,-1,-1,-1,1,1,1,1,1,1,1,-1,1,1,1
CP142124.1,Enterobacter,1,1,1,-1,1,-1,1,-1,-1,-1,1,1,1,1,1,1,1,-1,1,1,1
CP091779.1,Enterobacter,1,1,1,-1,1,-1,1,-1,-1,-1,1,1,1,1,1,1,1,-1,1,1,1
CP082280.1,Enterobacter,1,1,1,-1,1,-1,1,-1,-1,-1,1,1,1,1,1,1,1,-1,1,1,1
CP154353.1,Enterobacter,1,1,1,-1,1,-1,1,-1,-1,-1,1,1,1,1,1,1,1,-1,1,1,1
CP143681.1,Enterobacter,1,1,1,-1,1,-1,1,-1,-1,-1,1,1,1,1,1,1,1,-1,1,1,1
CP133578.1,Enterobacter,1,1,1,-1,1,-1,1,-1,-1,-1,1,1,1,1,1,1,1,-1,1,1,1
CP017087.1,Enterobacter,1,1,1,-1,1,-1,1,-1,-1,-1,1,1,1,1,1,1,1,-1,1,1,1
CP129026.1,Enterobacter,1,1,1,-1,1,-1,1,-1,-1,-1,1,1,1,1,1,1,1,-1,1,1,1
CP143745.1,Enterobacter,1,1,1,-1,1,-1,1,-1,-1,-1,1,1,1,1,1,1,1,-1,1,1,1
CP043342.1,Enterobacter,1,1,1,-1,1,-1,1,-1,-1,-1,1,1,1,1,1,1,1,-1,1,1,1
CP110983.1,Enterobacter,1,1,1,-1,1,-1,1,-1,-1,-1,1,1,1,1,1,1,1,-1,1,1,1
CP027986.1,Enterobacter,1,1,1,-1,1,-1,1,-1,-1,-1,1,1,1,1,1,1,1,-1,1,1,1
CP110533.1,Enterobacter,1,1,1,-1,1,-1,1,-1,-1,-1,1,1,1,1,1,1,1,-1,1,1,1
CP043318.1,Enterobacter,1,1,1,-1,1,-1,1,-1,-1,-1,1,1,1,1,1,1,1,-1,1,1,1
CP133346.1,Enterobacter,1,1,1,-1,1,-1,1,-1,-1,-1,1,1,1,1,1,1,1,-1,1,1,1
CP071178.1,Enterobacter,1,1,1,-1,1,-1,1,-1,-1,-1,1,1,1,1,1,1,1,-1,1,1,1
CP126604.1,Enterobacter,1,1,1,-1,1,-1,1,-1,-1,-1,1,1,1,1,1,1,1,-1,1,1,1
CP162152.1,Enterobacter,1,1,1,-1,1,-1,1,-1,-1,-1,1,1,1,1,1,1,1,-1,1,1,1
CP123376.1,Enterobacter,1,1,1,-1,1,-1,1,-1,-1,-1,1,1,1,1,1,1,1,-1,1,1,1
CP025225.1,Enterobacter,1,1,1,-1,1,-1,1,-1,-1,-1,1,1,1,1,1,1,1,-1,1,1,1
CP056779.1,Enterobacter,1,1,1,-1,1,-1,1,-1,-1,-1,1,1,1,1,1,1,1,-1,1,1,1
CP020525.1,Enterobacter,1,1,1,-1,1,-1,1,-1,-1,-1,1,1,1,1,1,1,1,-1,1,1,1
AP019007.1,Enterobacter,1,1,1,-1,1,-1,1,-1,-1,-1,1,1,1,1,1,1,1,-1,1,1,1
CP011581.1,Enterobacter,1,1,1,-1,1,-1,1,-1,-1,-1,1,1,1,1,1,1,1,-1,1,1,1
CP020817.3,Enterobacter,1,1,1,-1,1,-1,1,-1,-1,-1,1,1,1,1,1,1,1,-1,1,1,1
CP143717.1,Enterobacter,1,1,1,-1,1,-1,1,-1,-1,-1,1,1,1,1,1,1,1,-1,1,1,1
CP142124.1,Enterobacter,1,1,1,-1,1,-1,1,-1,-1,-1,1,1,1,1,1,1,1,-1,1,1,1
CP091779.1,Enterobacter,1,1,1,-1,1,-1,1,-1,-1,-1,1,1,1,1,1,1,1,-1,1,1,1
CP082280.1,Enterobacter,1,1,1,-1,1,-1,1,-1,-1,-1,1,1,1,1,1,1,1,-1,1,1,1
CP154353.1,Enterobacter,1,1,1,-1,1,-1,1,-1,-1,-1,1,1,1,1,1,1,1,-1,1,1,1
CP143681.1,Enterobacter,1,1,1,-1,1,-1,1,-1,-1,-1,1,1,1,1,1,1,1,-1,1,1,1
CP133578.1,Enterobacter,1,1,1,-1,1,-1,1,-1,-1,-1,1,1,1,1,1,1,1,-1,1,1,1
CP017087.1,Enterobacter,1,1,1,-1,1,-1,1,-1,-1,-1,1,1,1,1,1,1,1,-1,1,1,1
CP129026.1,Enterobacter,1,1,1,-1,1,-1,1,-1,-1,-1,1,1,1,1,1,1,1,-1,1,1,1
CP143745.1,Enterobacter,1,1,1,-1,1,-1,1,-1,-1,-1,1,1,1,1,1,1,1,-1,1,1,1
CP043342.1,Enterobacter,1,1,1,-1,1,-1,1,-1,-1,-1,1,1,1,1,1,1,1,-1,1,1,1
CP110983.1,Enterobacter,1,1,1,-1,1,-1,1,-1,-1,-1,1,1,1,1,1,1,1,-1,1,1,1
CP027986.1,Enterobacter,1,1,1,-1,1,-1,1,-1,-1,-1,1,1,1,1,1,1,1,-1,1,1,1
CP110533.1,Enterobacter,1,1,1,-1,1,-1,1,-1,-1,-1,1,1,1,1,1,1,1,-1,1,1,1
CP043318.1,Enterobacter,1,1,1,-1,1,-1,1,-1,-1,-1,1,1,1,1,1,1,1,-1,1,1,1
CP133346.1,Enterobacter,1,1,1,-1,1,-1,1,-1,-1,-1,1,1,1,1,1,1,1,-1,1,1,1
CP071178.1,Enterobacter,1,1,1,-1,1,-1,1,-1,-1,-1,1,1,1,1,1,1,1,-1,1,1,1
CP126604.1,Enterobacter,1,1,1,-1,1,-1,1,-1,-1,-1,1,1,1,1,1,1,1,-1,1,1,1
CP162152.1,Enterobacter,1,1,1,-1,1,-1,1,-1,-1,-1,1,1,1,1,1,1,1,-1,1,1,1
CP123376.1,Enterobacter,1,1,1,-1,1,-1,1,-1,-1,-1,1,1,1,1,1,1,1,-1,1,1,1
CP025225.1,Enterobacter,1,1,1,-1,1,-1,1,-1,-1,-1,1,1,1,1,1,1,1,-1,1,1,1
CP056779.1,Enterobacter,1,1,1,-1,1,-1,1,-1,-1,-1,1,1,1,1,1,1,1,-1,1,1,1
CP020525.1,Enterobacter,1,1,1,-1,1,-1,1,-1,-1,-1,1,1,1,1,1,1,1,-1,1,1,1
AP019007.1,Enterobacter,1,1,1,-1,1,-1,1,-1,-1,-1,1,1,1,1,1,1,1,-1,1,1,1
CP011581.1,Enterobacter,1,1,1,-1,1,-1,1,-1,-1,-1,1,1,1,1,1,1,1,-1,1,1,1
CP020817.3,Enterobacter,1,1,1,-1,1,-1,1,-1,-1,-1,1,1,1,1,1,1,1,-1,1,1,1
CP143717.1,Enterobacter,1,1,1,-1,1,-1,1,-1,-1,-1,1,1,1,1,1,1,1,-1,1,1,1
CP142124.1,Enterobacter,1,1,1,-1,1,-1,1,-1,-1,-1,1,1,1,1,1,1,1,-1,1,1,1
CP091779.1,Enterobacter,1,1,1,-1,1,-1,1,-1,-1,-1,1,1,1,1,1,1,1,-1,1,1,1
CP082280.1,Enterobacter,1,1,1,-1,1,-1,1,-1,-1,-1,1,1,1,1,1,1,1,-1,1,1,1
CP154353.1,Enterobacter,1,1,1,-1,1,-1,1,-1,-1,-1,1,1,1,1,1,1,1,-1,1,1,1
CP143681.1,Enterobacter,1,1,1,-1,1,-1,1,-1,-1,-1,1,1,1,1,1,1,1,-1,1,1,1
CP133578.1,Enterobacter,1,1,1,-1,1,-1,1,-1,-1,-1,1,1,1,1,1,1,1,-1,1,1,1
CP017087.1,Enterobacter,1,1,1,-1,1,-1,1,-1,-1,-1,1,1,1,1,1,1,1,-1,1,1,1
CP129026.1,Enterobacter,1,1,1,-1,1,-1,1,-1,-1,-1,1,1,1,1,1,1,1,-1,1,1,1
CP143745.1,Enterobacter,1,1,1,-1,1,-1,1,-1,-1,-1,1,1,1,1,1,1,1,-1,1,1,1
CP043342.1,Enterobacter,1,1,1,-1,1,-1,1,-1,-1,-1,1,1,1,1,1,1,1,-1,1,1,1
CP110983.1,Enterobacter,1,1,1,-1,1,-1,1,-1,-1,-1,1,1,1,1,1,1,1,-1,1,1,1
CP027986.1,Enterobacter,1,1,1,-1,1,-1,1,-1,-1,-1,1,1,1,1,1,1,1,-1,1,1,1
CP110533.1,Enterobacter,1,1,1,-1,1,-1,1,-1,-1,-1,1,1,1,1,1,1,1,-1,1,1,1
CP043318.1,Enterobacter,1,1,1,-1,1,-1,1,-1,-1,-1,1,1,1,1,1,1,1,-1,1,1,1
CP133346.1,Enterobacter,1,1,1,-1,1,-1,1,-1,-1,-1,1,1,1,1,1,1,1,-1,1,1,1
CP071178.1,Enterobacter,1,1,1,-1,1,-1,1,-1,-1,-1,1,1,1,1,1,1,1,-1,1,1,1
CP126604.1,Enterobacter,1,1,1,-1,1,-1,1,-1,-1,-1,1,1,1,1,1,1,1,-1,1,1,1
CP162152.1,Enterobacter,1,1,1,-1,1,-1,1,-1,-1,-1,1,1,1,1,1,1,1,-1,1,1,1
CP123376.1,Enterobacter,1,1,1,-1,1,-1,1,-1,-1,-1,1,1,1,1,1,1,1,-1,1,1,1
CP025225.1,Enterobacter,1,1,1,-1,1,-1,1,-1,-1,-1,1,1,1,1,1,1,1,-1,1,1,1
CP056779.1,Enterobacter,1,1,1,-1,1,-1,1,-1,-1,-1,1,1,1,1,1,1,1,-1,1,1,1
CP020525.1,Enterobacter,1,1,1,-1,1,-1,1,-1,-1,-1,1,1,1,1,1,1,1,-1,1,1,1
AP019007.1,Enterobacter,1,1,1,-1,1,-1,1,-1,-1,-1,1,1,1,1,1,1,1,-1,1,1,1
CP011581.1,Enterobacter,1,1,1,-1,1,-1,1,-1,-1,-1,1,1,1,1,1,1,1,-1,1,1,1
CP020817.3,Enterobacter,1,1,1,-1,1,-1,1,-1,-1,-1,1,1,1,1,1,1,1,-1,1,1,1
CP143717.1,Enterobacter,1,1,1,-1,1,-1,1,-1,-1,-1,1,1,1,1,1,1,1,-1,1,1,1
CP142124.1,Enterobacter,1,1,1,-1,1,-1,1,-1,-1,-1,1,1,1,1,1,1,1,-1,1,1,1
CP091779.1,Enterobacter,1,1,1,-1,1,-1,1,-1,-1,-1,1,1,1,1,1,1,1,-1,1,1,1
CP082280.1,Enterobacter,1,1,1,-1,1,-1,1,-1,-1,-1,1,1,1,1,1,1,1,-1,1,1,1
CP154353.1,Enterobacter,1,1,1,-1,1,-1,1,-1,-1,-1,1,1,1,1,1,1,1,-1,1,1,1
CP143681.1,Enterobacter,1,1,1,-1,1,-1,1,-1,-1,-1,1,1,1,1,1,1,1,-1,1,1,1
CP133578.1,Enterobacter,1,1,1,-1,1,-1,1,-1,-1,-1,1,1,1,1,1,1,1,-1,1,1,1
CP017087.1,Enterobacter,1,1,1,-1,1,-1,1,-1,-1,-1,1,1,1,1,1,1,1,-1,1,1,1
CP129026.1,Enterobacter,1,1,1,-1,1,-1,1,-1,-1,-1,1,1,1,1,1,1,1,-1,1,1,1
CP143745.1,Enterobacter,1,1,1,-1,1,-1,1,-1,-1,-1,1,1,1,1,1,1,1,-1,1,1,1
CP043342.1,Enterobacter,1,1,1,-1,1,-1,1,-1,-1,-1,1,1,1,1,1,1,1,-1,1,1,1
CP110983.1,Enterobacter,1,1,1,-1,1,-1,1,-1,-1,-1,1,1,1,1,1,1,1,-1,1,1,1
CP027986.1,Enterobacter,1,1,1,-1,1,-1,1,-1,-1,-1,1,1,1,1,1,1,1,-1,1,1,1
CP110533.1,Enterobacter,1,1,1,-1,1,-1,1,-1,-1,-1,1,1,1,1,1,1,1,-1,1,1,1
CP043318.1,Enterobacter,1,1,1,-1,1,-1,1,-1,-1,-1,1,1,1,1,1,1,1,-1,1,1,1
CP133346.1,Enterobacter,1,1,1,-1,1,-1,1,-1,-1,-1,1,1,1,1,1,1,1,-1,1,1,1
CP071178.1,Enterobacter,1,1,1,-1,1,-1,1,-1,-1,-1,1,1,1,1,1,1,1,-1,1,1,1
CP126604.1,Enterobacter,1,1,1,-1,1,-1,1,-1,-1,-1,1,1,1,1,1,1,1,-1,1,1,1
CP162152.1,Enterobacter,1,1,1,-1,1,-1,1,-1,-1,-1,1,1,1,1,1,1,1,-1,1,1,1
CP123376.1,Enterobacter,1,1,1,-1,1,-1,1,-1,-1,-1,1,1,1,1,1,1,1,-1,1,1,1
CP025225.1,Enterobacter,1,1,1,-1,1,-1,1,-1,-1,-1,1,1,1,1,1,1,1,-1,1,1,1
CP056779.1,Enterobacter,1,1,1,-1,1,-1,1,-1,-1,-1,1,1,1,1,1,1,1,-1,1,1,1
CP020525.1,Enterobacter,1,1,1,-1,1,-1,1,-1,-1,-1,1,1,1,1,1,1,1,-1,1,1,1
AP019007.1,Enterobacter,1,1,1,-1,1,-1,1,-1,-1,-1,1,1,1,1,1,1,1,-1,1,1,1
CP011581.1,Enterobacter,1,1,1,-1,1,-1,1,-1,-1,-1,1,1,1,1,1,1,1,-1,1,1,1
CP020817.3,Enterobacter,1,1,1,-1,1,-1,1,-1,-1,-1,1,1,1,1,1,1,1,-1,1,1,1
CP143717.1,Enterobacter,1,1,1,-1,1,-1,1,-1,-1,-1,1,1,1,1,1,1,1,-1,1,1,1
CP142124.1,Enterobacter,1,1,1,-1,1,-1,1,-1,-1,-1,1,1,1,1,1,1,1,-1,1,1,1
CP091779.1,Enterobacter,1,1,1,-1,1,-1,1,-1,-1,-1,1,1,1,1,1,1,1,-1,1,1,1
CP082280.1,Enterobacter,1,1,1,-1,1,-1,1,-1,-1,-1,1,1,1,1,1,1,1,-1,1,1,1
CP154353.1,Enterobacter,1,1,1,-1,1,-1,1,-1,-1,-1,1,1,1,1,1,1,1,-1,1,1,1
CP143681.1,Enterobacter,1,1,1,-1,1,-1,1,-1,-1,-1,1,1,1,1,1,1,1,-1,1,1,1
CP133578.1,Enterobacter,1,1,1,-1,1,-1,1,-1,-1,-1,1,1,1,1,1,1,1,-1,1,1,1
CP017087.1,Enterobacter,1,1,1,-1,1,-1,1,-1,-1,-1,1,1,1,1,1,1,1,-1,1,1,1
CP129026.1,Enterobacter,1,1,1,-1,1,-1,1,-1,-1,-1,1,1,1,1,1,1,1,-1,1,1,1
CP143745.1,Enterobacter,1,1,1,-1,1,-1,1,-1,-1,-1,1,1,1,1,1,1,1,-1,1,1,1
CP043342.1,Enterobacter,1,1,1,-1,1,-1,1,-1,-1,-1,1,1,1,1,1,1,1,-1,1,1,1
CP110983.1,Enterobacter,1,1,1,-1,1,-1,1,-1,-1,-1,1,1,1,1,1,1,1,-1,1,1,1
CP027986.1,Enterobacter,1,1,1,-1,1,-1,1,-1,-1,-1,1,1,1,1,1,1,1,-1,1,1,1
CP110533.1,Enterobacter,1,1,1,-1,1,-1,1,-1,-1,-1,1,1,1,1,1,1,1,-1,1,1,1
CP043318.1,Enterobacter,1,1,1,-1,1,-1,1,-1,-1,-1,1,1,1,1,1,1,1,-1,1,1,1
CP133346.1,Enterobacter,1,1,1,-1,1,-1,1,-1,-1,-1,1,1,1,1,1,1,1,-1,1,1,1
CP071178.1,Enterobacter,1,1,1,-1,1,-1,1,-1,-1,-1,1,1,1,1,1,1,1,-1,1,1,1
CP126604.1,Enterobacter,1,1,1,-1,1,-1,1,-1,-1,-1,1,1,1,1,1,1,1,-1,1,1,1
CP162152.1,Enterobacter,1,1,1,-1,1,-1,1,-1,-1,-1,1,1,1,1,1,1,1,-1,1,1,1
CP123376.1,Enterobacter,1,1,1,-1,1,-1,1,-1,-1,-1,1,1,1,1,1,1,1,-1,1,1,1
CP025225.1,Enterobacter,1,1,1,-1,1,-1,1,-1,-1,-1,1,1,1,1,1,1,1,-1,1,1,1
CP056779.1,Enterobacter,1,1,1,-1,1,-1,1,-1,-1,-1,1,1,1,1,1,1,1,-1,1,1,1
CP020525.1,Enterobacter,1,1,1,-1,1,-1,1,-1,-1,-1,1,1,1,1,1,1,1,-1,1,1,1
AP019007.1,Enterobacter,1,1,1,-1,1,-1,1,-1,-1,-1,1,1,1,1,1,1,1,-1,1,1,1
CP011581.1,Enterobacter,1,1,1,-1,1,-1,1,-1,-1,-1,1,1,1,1,1,1,1,-1,1,1,1
CP020817.3,Enterobacter,1,1,1,-1,1,-1,1,-1,-1,-1,1,1,1,1,1,1,1,-1,1,1,1
CP143717.1,Enterobacter,1,1,1,-1,1,-1,1,-1,-1,-1,1,1,1,1,1,1,1,-1,1,1,1
CP142124.1,Enterobacter,1,1,1,-1,1,-1,1,-1,-1,-1,1,1,1,1,1,1,1,-1,1,1,1
CP091779.1,Enterobacter,1,1,1,-1,1,-1,1,-1,-1,-1,1,1,1,1,1,1,1,-1,1,1,1
CP082280.1,Enterobacter,1,1,1,-1,1,-1,1,-1,-1,-1,1,1,1,1,1,1,1,-1,1,1,1
CP154353.1,Enterobacter,1,1,1,-1,1,-1,1,-1,-1,-1,1,1,1,1,1,1,1,-1,1,1,1
CP143681.1,Enterobacter,1,1,1,-1,1,-1,1,-1,-1,-1,1,1,1,1,1,1,1,-1,1,1,1
CP133578.1,Enterobacter,1,1,1,-1,1,-1,1,-1,-1,-1,1,1,1,1,1,1,1,-1,1,1,1
CP017087.1,Enterobacter,1,1,1,-1,1,-1,1,-1,-1,-1,1,1,1,1,1,1,1,-1,1,1,1
CP129026.1,Enterobacter,1,1,1,-1,1,-1,1,-1,-1,-1,1,1,1,1,1,1,1,-1,1,1,1
CP143745.1,Enterobacter,1,1,1,-1,1,-1,1,-1,-1,-1,1,1,1,1,1,1,1,-1,1,1,1
CP043342.1,Enterobacter,1,1,1,-1,1,-1,1,-1,-1,-1,1,1,1,1,1,1,1,-1,1,1,1
CP110983.1,Enterobacter,1,1,1,-1,1,-1,1,-1,-1,-1,1,1,1,1,1,1,1,-1,1,1,1
CP027986.1,Enterobacter,1,1,1,-1,1,-1,1,-1,-1,-1,1,1,1,1,1,1,1,-1,1,1,1
CP110533.1,Enterobacter,1,1,1,-1,1,-1,1,-1,-1,-1,1,1,1,1,1,1,1,-1,1,1,1
CP043318.1,Enterobacter,1,1,1,-1,1,-1,1,-1,-1,-1,1,1,1,1,1,1,1,-1,1,1,1
CP133346.1,Enterobacter,1,1,1,-1,1,-1,1,-1,-1,-1,1,1,1,1,1,1,1,-1,1,1,1
CP071178.1,Enterobacter,1,1,1,-1,1,-1,1,-1,-1,-1,1,1,1,1,1,1,1,-1,1,1,1
CP125781.1,Trabulsiella,-1,-1,1,1,-1,2,1,1,1,1,-2,-1,-1,-1,1,-1,-1,1,-1,-1,-1
CP050811.1,Yokenella,-1,-1,1,1,-1,1,-1,1,1,1,-1,-1,-1,-1,-1,-1,-1,1,-1,-1,-1
