Column,Location,p-value,FDR p-value,Significant (FDR<0.05)
1,GGGCTCG|7|128|182,6.983190166556633e-268,6.983190166556633e-267,True
2,AATCTGG|7|75|149,2.8146832559894266e-255,1.4073416279947131e-254,True
5,AACTTTT|7|27|169,1.1983709186060566e-162,3.9945697286868553e-162,True
7,GTCGGC|6|20|24,1.9909708984756664e-152,4.977427246189166e-152,True
9,GCACGCG|7|104|118,4.62918870793848e-151,9.25837741587696e-151,True
6,TGCTA|5|29|35,2.6242006770239446e-150,4.373667795039908e-150,True
4,GCTC|4|8|12,3.229229598337815e-149,4.613185140482593e-149,True
10,GGACGT|6|48|55,2.240553070349203e-148,2.8006913379365035e-148,True
8,CGTCGCG|7|78|120,2.4349337360826604e-147,2.705481928980734e-147,True
3,TACTGT|6|25|39,9.579574185704233e-91,9.579574185704233e-91,True
