Name,Taxon,GGGCTCG|7|128|182,AATCTGG|7|75|149,TACTGT|6|25|39,GCTC|4|8|12,AACTTTT|7|27|169,TGCTA|5|29|35,GTCGGC|6|20|24,CGTCGCG|7|78|120,GCACGCG|7|104|118,GGACGT|6|48|55
AP026068.1,0,-2,-1,-2,-2,-2,-2,-2,-1,-2,-2
CP016303.1,0,-2,-1,-2,-2,-2,-2,-2,-1,-2,-2
OZ026471.1,0,-2,-1,-2,-2,-2,-2,-2,-1,-2,-2
OZ026542.1,0,-2,-2,-2,-2,-1,-2,-2,-2,-2,-2
AP026068.1,0,-2,-1,-2,-2,-2,-2,-2,-1,-2,-2
CP016303.1,0,-2,-1,-2,-2,-2,-2,-2,-1,-2,-2
OZ026471.1,0,-2,-1,-2,-2,-2,-2,-2,-1,-2,-2
CP063663.1,0,-2,-2,-2,-2,-1,-2,-2,-2,-2,-2
CP042361.1,0,-2,-2,-2,-2,-1,-2,-2,-2,-2,-2
CP141606.1,0,-2,-2,-2,-2,-1,-2,-2,-2,-2,-2
CP015774.2,0,-2,-2,-2,-2,-1,-2,-2,-2,-2,-2
CP063663.1,0,-2,-2,-2,-2,-1,-2,-2,-2,-2,-2
CP042361.1,0,-2,-2,-2,-2,-1,-2,-2,-2,-2,-2
CP141606.1,0,-2,-2,-2,-2,-1,-2,-2,-2,-2,-2
CP015774.2,0,-2,-2,-2,-2,-1,-2,-2,-2,-2,-2
LN999833.1,0,-2,-2,-1,-1,-1,-1,-1,-1,-1,-1
LN999835.1,0,-2,-2,-1,-2,-2,-2,-1,-2,-2,-2
CP002243.1,0,-2,-2,-1,-2,-1,-1,-1,-2,-1,-1
CP003881.1,0,-2,-2,-1,-2,-1,-1,-1,-2,-1,-1
CP002243.1,0,-2,-2,-1,-2,-1,-1,-1,-2,-1,-1
CP003881.1,0,-2,-2,-1,-2,-1,-1,-1,-2,-1,-1
CP056159.1,1,-1,-1,-2,1,1,1,1,1,1,1
CP057458.1,1,-1,-1,-2,1,1,1,1,1,1,1
AP027477.1,1,-1,-1,-2,1,1,1,1,1,1,1
CP070954.1,1,-1,-1,-2,1,1,1,1,1,1,1
AP014857.1,1,-1,-1,-2,1,1,1,1,1,1,1
AP025751.1,1,-1,-1,-2,1,1,1,1,1,1,1
CP112983.1,1,-1,-1,-2,1,1,1,1,1,1,1
CP024282.1,1,-1,-1,-2,1,1,1,1,1,1,1
CP056159.1,1,-1,-1,-2,1,1,1,1,1,1,1
CP057458.1,1,-1,-1,-2,1,1,1,1,1,1,1
AP027477.1,1,-1,-1,-2,1,1,1,1,1,1,1
CP070954.1,1,-1,-1,-2,1,1,1,1,1,1,1
AP014857.1,1,-1,-1,-2,1,1,1,1,1,1,1
AP025751.1,1,-1,-1,-2,1,1,1,1,1,1,1
CP112983.1,1,-1,-1,-2,1,1,1,1,1,1,1
CP024282.1,1,-1,-1,-2,1,1,1,1,1,1,1
CP056159.1,1,-1,-1,-2,1,1,1,1,1,1,1
CP057458.1,1,-1,-1,-2,1,1,1,1,1,1,1
AP027477.1,1,-1,-1,-2,1,1,1,1,1,1,1
CP070954.1,1,-1,-1,-2,1,1,1,1,1,1,1
AP014857.1,1,-1,-1,-2,1,1,1,1,1,1,1
AP025751.1,1,-1,-1,-2,1,1,1,1,1,1,1
CP112983.1,1,-1,-1,-2,1,1,1,1,1,1,1
CP024282.1,1,-1,-1,-2,1,1,1,1,1,1,1
CP151323.1,1,-1,-1,-2,1,1,1,1,1,1,1
CP026797.1,1,-1,-1,-2,1,1,1,1,1,1,1
CP014768.1,1,-1,-1,-2,1,1,1,1,1,1,1
CP037996.1,1,-1,-1,-2,1,1,1,1,1,1,1
CP026805.1,1,-1,-1,-2,1,1,1,1,1,1,1
CP151323.1,1,-1,-1,-2,1,1,1,1,1,1,1
CP026797.1,1,-1,-1,-2,1,1,1,1,1,1,1
CP014768.1,1,-1,-1,-2,1,1,1,1,1,1,1
CP037996.1,1,-1,-1,-2,1,1,1,1,1,1,1
CP026805.1,1,-1,-1,-2,1,1,1,1,1,1,1
CP047043.1,1,-2,-2,-2,-2,-2,-2,-2,-2,-2,-2
CP166010.1,1,-1,-1,-2,1,1,1,1,1,1,1
CP101599.1,1,-1,-1,-2,1,1,1,1,1,1,1
CP017662.1,1,-1,-1,-2,1,1,1,1,1,1,1
CP165997.1,1,-1,-1,-2,1,1,1,1,1,1,1
CP012253.1,1,-1,-1,-2,1,1,1,1,1,1,1
CP012268.1,1,-1,-1,-2,1,1,1,1,1,1,1
CP165996.1,1,-1,-1,-2,1,1,1,1,1,1,1
CP166016.1,1,-1,-1,-2,1,1,1,1,1,1,1
CP166010.1,1,-1,-1,-2,1,1,1,1,1,1,1
CP101599.1,1,-1,-1,-2,1,1,1,1,1,1,1
CP017662.1,1,-1,-1,-2,1,1,1,1,1,1,1
CP165997.1,1,-1,-1,-2,1,1,1,1,1,1,1
CP012253.1,1,-1,-1,-2,1,1,1,1,1,1,1
CP012268.1,1,-1,-1,-2,1,1,1,1,1,1,1
CP165996.1,1,-1,-1,-2,1,1,1,1,1,1,1
CP166016.1,1,-1,-1,-2,1,1,1,1,1,1,1
CP166010.1,1,-1,-1,-2,1,1,1,1,1,1,1
CP101599.1,1,-1,-1,-2,1,1,1,1,1,1,1
CP017662.1,1,-1,-1,-2,1,1,1,1,1,1,1
CP165997.1,1,-1,-1,-2,1,1,1,1,1,1,1
CP012253.1,1,-1,-1,-2,1,1,1,1,1,1,1
CP012268.1,1,-1,-1,-2,1,1,1,1,1,1,1
CP165996.1,1,-1,-1,-2,1,1,1,1,1,1,1
CP166016.1,1,-1,-1,-2,1,1,1,1,1,1,1
CP166010.1,1,-1,-1,-2,1,1,1,1,1,1,1
CP101599.1,1,-1,-1,-2,1,1,1,1,1,1,1
CP017662.1,1,-1,-1,-2,1,1,1,1,1,1,1
CP165997.1,1,-1,-1,-2,1,1,1,1,1,1,1
CP012253.1,1,-1,-1,-2,1,1,1,1,1,1,1
CP012268.1,1,-1,-1,-2,1,1,1,1,1,1,1
CP165996.1,1,-1,-1,-2,1,1,1,1,1,1,1
CP166016.1,1,-1,-1,-2,1,1,1,1,1,1,1
CP166010.1,1,-1,-1,-2,1,1,1,1,1,1,1
CP101599.1,1,-1,-1,-2,1,1,1,1,1,1,1
CP017662.1,1,-1,-1,-2,1,1,1,1,1,1,1
CP165997.1,1,-1,-1,-2,1,1,1,1,1,1,1
CP012253.1,1,-1,-1,-2,1,1,1,1,1,1,1
CP012268.1,1,-1,-1,-2,1,1,1,1,1,1,1
CP165996.1,1,-1,-1,-2,1,1,1,1,1,1,1
CP166016.1,1,-1,-1,-2,1,1,1,1,1,1,1
CP166010.1,1,-1,-1,-2,1,1,1,1,1,1,1
CP101599.1,1,-1,-1,-2,1,1,1,1,1,1,1
CP017662.1,1,-1,-1,-2,1,1,1,1,1,1,1
CP165997.1,1,-1,-1,-2,1,1,1,1,1,1,1
CP012253.1,1,-1,-1,-2,1,1,1,1,1,1,1
CP012268.1,1,-1,-1,-2,1,1,1,1,1,1,1
CP165996.1,1,-1,-1,-2,1,1,1,1,1,1,1
CP166016.1,1,-1,-1,-2,1,1,1,1,1,1,1
CP166010.1,1,-1,-1,-2,1,1,1,1,1,1,1
CP101599.1,1,-1,-1,-2,1,1,1,1,1,1,1
CP017662.1,1,-1,-1,-2,1,1,1,1,1,1,1
CP165997.1,1,-1,-1,-2,1,1,1,1,1,1,1
CP012253.1,1,-1,-1,-2,1,1,1,1,1,1,1
CP012268.1,1,-1,-1,-2,1,1,1,1,1,1,1
CP165996.1,1,-1,-1,-2,1,1,1,1,1,1,1
CP166016.1,1,-1,-1,-2,1,1,1,1,1,1,1
CP167165.1,1,1,-1,-1,1,1,1,1,1,1,1
CP119084.1,1,1,-1,-1,1,1,1,1,1,1,1
CP167165.1,1,1,-1,-1,1,1,1,1,1,1,1
CP119084.1,1,1,-1,-1,1,1,1,1,1,1,1
CP138906.1,1,1,-1,1,1,-1,-1,1,1,-1,1
CP134782.1,1,-1,-2,-1,-1,-1,-1,-1,-1,1,1
CP051548.1,1,-1,-1,-1,1,1,1,1,1,1,1
CP011602.1,1,-1,-1,-1,1,1,1,1,1,1,1
AP018756.1,1,-1,-1,-1,1,1,1,1,1,1,1
CP051548.1,1,-1,-1,-1,1,1,1,1,1,1,1
CP011602.1,1,-1,-1,-1,1,1,1,1,1,1,1
AP018756.1,1,-1,-1,-1,1,1,1,1,1,1,1
CP081864.1,1,-1,-1,-2,-1,1,-1,-1,1,1,1
CP151202.1,1,-1,-1,-1,1,1,1,1,1,1,1
CP069159.1,1,-1,-1,-1,1,1,1,1,1,1,1
CP101051.1,1,-1,-1,-1,1,1,1,1,1,1,1
CP021963.1,1,-1,-1,-1,1,1,1,1,1,1,1
CP101080.1,1,-1,-1,-1,1,1,1,1,1,1,1
CP019986.1,1,-1,-1,-1,1,1,1,1,1,1,1
CP101044.1,1,-1,-1,-1,1,1,1,1,1,1,1
CP101069.1,1,-1,-1,-1,1,1,1,1,1,1,1
CP132279.1,1,-1,-1,-1,1,1,1,1,1,1,1
CP151088.1,1,-1,-1,-1,1,1,1,1,1,1,1
CP011132.1,1,-1,-1,-1,1,1,1,1,1,1,1
CP119862.1,1,-1,-1,-1,1,1,1,1,1,1,1
OW969711.1,1,-1,-1,-1,1,1,1,1,1,1,1
FN543502.1,1,-1,-1,-1,1,1,1,1,1,1,1
CP099374.1,1,-1,-1,-1,1,1,1,1,1,1,1
CP169575.1,1,-1,-1,-1,1,1,1,1,1,1,1
LR699014.1,1,-1,-1,-1,1,1,1,1,1,1,1
CP037864.1,1,-1,-1,-1,1,1,1,1,1,1,1
CP045205.1,1,-1,-1,-1,1,1,1,1,1,1,1
CP057509.1,1,-1,-1,-1,1,1,1,1,1,1,1
CP038469.1,1,-1,-1,-1,1,1,1,1,1,1,1
CP148084.1,1,-1,-1,-1,1,1,1,1,1,1,1
CP077262.1,1,-1,-1,-1,1,1,1,1,1,1,1
OZ193413.1,2,-2,-2,-2,-2,-2,-2,-2,-2,-2,-2
AP010872.1,2,-2,-2,-2,-2,-2,-2,-2,-2,-2,-2
LN999831.1,2,-2,-2,-1,-2,-2,-2,-2,-2,-2,-2
LN999832.1,2,-2,-2,-2,-2,-2,-2,-2,-2,-2,-2
AP014521.1,2,-2,-2,-2,-2,-2,-2,-2,-2,-2,-2
CP028374.1,2,-2,-2,2,-2,-1,-2,-2,-2,-2,-2
CP110496.1,2,-2,-2,2,-2,-1,-2,-2,-2,-2,-2
CP144808.1,2,2,-1,-2,-2,-2,-2,-2,1,-2,-2
CP080506.1,2,-2,-2,-2,-2,-2,-2,-2,-2,-2,-2
LR890047.1,2,-2,-2,-2,-2,-2,-2,-2,-2,-2,-2
CP080506.1,2,-2,-2,-2,-2,-2,-2,-2,-2,-2,-2
LR890047.1,2,-2,-2,-2,-2,-2,-2,-2,-2,-2,-2
CP074100.1,2,-2,-2,-2,-2,-2,-2,-2,-2,-2,-2
CP074374.1,2,-2,-2,-2,-2,-2,-2,-2,-2,-2,-2
CP074100.1,2,-2,-2,-2,-2,-2,-2,-2,-2,-2,-2
CP074374.1,2,-2,-2,-2,-2,-2,-2,-2,-2,-2,-2
CP145876.1,2,-2,-1,-2,-2,-2,-2,-2,-2,-2,-2
CP145869.1,2,-2,-1,-2,-2,-2,-2,-2,-2,-2,-2
LN774881.1,2,-2,2,-2,-2,2,-2,-2,-2,-2,-2
CP012849.1,2,-2,-2,2,-2,-2,-2,-2,-2,-2,-2
CP001085.1,2,-2,-2,2,-2,-2,-2,-2,-2,-2,-2
CP097754.1,2,-2,-2,-2,-2,-2,-2,-2,-2,-2,-2
CP097765.1,2,-2,-2,-2,-2,-2,-2,-2,-2,-2,-2
CP097754.1,2,-2,-2,-2,-2,-2,-2,-2,-2,-2,-2
CP097765.1,2,-2,-2,-2,-2,-2,-2,-2,-2,-2,-2
CP144371.1,2,-2,-2,-2,-2,-2,-2,-2,-2,-2,-2
CP125213.1,2,-2,-2,-2,-2,-2,-2,-2,-2,-2,-2
CP097756.1,2,-2,-2,-2,-2,-2,-2,-2,-2,-2,-2
CP097762.1,2,-2,-2,-2,-2,-2,-2,-2,-2,-2,-2
CP002189.2,2,-2,-2,-2,-2,-2,-2,-2,-2,-2,-2
CP097749.1,2,-2,-2,-2,-2,-2,-2,-2,-2,-2,-2
BX248583.1,2,-2,-2,-2,-2,-2,-2,-2,-2,-2,-2
CP097751.1,2,-2,-2,-2,-2,-2,-2,-2,-2,-2,-2
CP003903.1,2,-2,-2,-2,-2,-2,-2,-2,-2,-2,-2
CP095401.1,2,-2,-2,-2,-2,-2,-2,-2,-2,-2,-2
CP002189.2,2,-2,-2,-2,-2,-2,-2,-2,-2,-2,-2
CP097749.1,2,-2,-2,-2,-2,-2,-2,-2,-2,-2,-2
BX248583.1,2,-2,-2,-2,-2,-2,-2,-2,-2,-2,-2
CP097751.1,2,-2,-2,-2,-2,-2,-2,-2,-2,-2,-2
CP003903.1,2,-2,-2,-2,-2,-2,-2,-2,-2,-2,-2
CP095401.1,2,-2,-2,-2,-2,-2,-2,-2,-2,-2,-2
CP096201.1,3,-1,1,-1,-1,1,1,1,1,1,1
CP082841.1,3,-1,1,-1,-1,1,1,1,1,1,1
CP022114.1,3,-1,1,-1,-1,1,1,1,1,1,1
CP134165.1,3,-1,1,-1,-1,1,1,1,1,1,1
CP123488.1,3,-1,1,-1,-1,1,1,1,1,1,1
CP096201.1,3,-1,1,-1,-1,1,1,1,1,1,1
CP082841.1,3,-1,1,-1,-1,1,1,1,1,1,1
CP022114.1,3,-1,1,-1,-1,1,1,1,1,1,1
CP134165.1,3,-1,1,-1,-1,1,1,1,1,1,1
CP123488.1,3,-1,1,-1,-1,1,1,1,1,1,1
CP087880.1,3,-1,-1,-2,1,1,1,1,1,1,1
CP054058.1,3,1,1,-1,1,1,1,1,1,1,2
CP119754.1,3,1,1,-2,1,1,1,1,-1,1,1
AP028957.1,3,1,-1,-2,1,1,1,1,1,1,1
LR134136.1,3,1,-1,-2,1,1,1,1,1,1,1
CP016337.1,3,1,1,-2,1,1,1,1,1,1,1
CP014007.2,3,1,1,-2,1,1,1,1,1,1,1
CP137744.1,3,1,1,-2,1,1,1,1,1,1,1
CP040392.1,3,1,1,-2,1,1,1,1,1,1,1
CP034225.1,3,1,1,-2,1,1,1,1,1,1,1
CP115659.1,3,1,1,-2,1,1,1,1,1,1,1
CP063425.1,3,1,1,-2,1,1,1,1,1,1,1
CP106754.1,3,1,1,-2,1,1,1,1,1,1,1
CP045300.1,3,1,1,-2,1,1,1,1,1,1,1
CP065358.1,3,1,1,-2,1,1,1,1,1,1,1
CP160410.1,3,1,1,-2,1,1,1,1,1,1,1
CP016337.1,3,1,1,-2,1,1,1,1,1,1,1
CP014007.2,3,1,1,-2,1,1,1,1,1,1,1
CP137744.1,3,1,1,-2,1,1,1,1,1,1,1
CP040392.1,3,1,1,-2,1,1,1,1,1,1,1
CP034225.1,3,1,1,-2,1,1,1,1,1,1,1
CP115659.1,3,1,1,-2,1,1,1,1,1,1,1
CP063425.1,3,1,1,-2,1,1,1,1,1,1,1
CP106754.1,3,1,1,-2,1,1,1,1,1,1,1
CP045300.1,3,1,1,-2,1,1,1,1,1,1,1
CP065358.1,3,1,1,-2,1,1,1,1,1,1,1
CP160410.1,3,1,1,-2,1,1,1,1,1,1,1
CP016337.1,3,1,1,-2,1,1,1,1,1,1,1
CP014007.2,3,1,1,-2,1,1,1,1,1,1,1
CP137744.1,3,1,1,-2,1,1,1,1,1,1,1
CP040392.1,3,1,1,-2,1,1,1,1,1,1,1
CP034225.1,3,1,1,-2,1,1,1,1,1,1,1
CP115659.1,3,1,1,-2,1,1,1,1,1,1,1
CP063425.1,3,1,1,-2,1,1,1,1,1,1,1
CP106754.1,3,1,1,-2,1,1,1,1,1,1,1
CP045300.1,3,1,1,-2,1,1,1,1,1,1,1
CP065358.1,3,1,1,-2,1,1,1,1,1,1,1
CP160410.1,3,1,1,-2,1,1,1,1,1,1,1
CP016337.1,3,1,1,-2,1,1,1,1,1,1,1
CP014007.2,3,1,1,-2,1,1,1,1,1,1,1
CP137744.1,3,1,1,-2,1,1,1,1,1,1,1
CP040392.1,3,1,1,-2,1,1,1,1,1,1,1
CP034225.1,3,1,1,-2,1,1,1,1,1,1,1
CP115659.1,3,1,1,-2,1,1,1,1,1,1,1
CP063425.1,3,1,1,-2,1,1,1,1,1,1,1
CP106754.1,3,1,1,-2,1,1,1,1,1,1,1
CP045300.1,3,1,1,-2,1,1,1,1,1,1,1
CP065358.1,3,1,1,-2,1,1,1,1,1,1,1
CP160410.1,3,1,1,-2,1,1,1,1,1,1,1
CP016337.1,3,1,1,-2,1,1,1,1,1,1,1
CP014007.2,3,1,1,-2,1,1,1,1,1,1,1
CP137744.1,3,1,1,-2,1,1,1,1,1,1,1
CP040392.1,3,1,1,-2,1,1,1,1,1,1,1
CP034225.1,3,1,1,-2,1,1,1,1,1,1,1
CP115659.1,3,1,1,-2,1,1,1,1,1,1,1
CP063425.1,3,1,1,-2,1,1,1,1,1,1,1
CP106754.1,3,1,1,-2,1,1,1,1,1,1,1
CP045300.1,3,1,1,-2,1,1,1,1,1,1,1
CP065358.1,3,1,1,-2,1,1,1,1,1,1,1
CP160410.1,3,1,1,-2,1,1,1,1,1,1,1
CP062196.1,3,-2,-2,-1,-1,-1,1,-1,-1,-1,-1
LR134201.1,3,1,1,2,1,-1,1,1,1,1,1
CP172054.1,3,1,1,2,1,-1,1,1,1,1,1
CP134767.1,3,1,1,2,1,-1,1,1,1,1,1
LR134201.1,3,1,1,2,1,-1,1,1,1,1,1
CP172054.1,3,1,1,2,1,-1,1,1,1,1,1
CP134767.1,3,1,1,2,1,-1,1,1,1,1,1
CP167917.1,3,1,1,1,1,-1,1,1,1,1,1
CP126604.1,3,1,1,2,1,1,1,1,1,1,1
CP162152.1,3,1,1,2,1,1,1,1,1,1,1
CP123376.1,3,1,1,2,1,1,1,1,1,1,1
CP025225.1,3,1,1,2,1,1,1,1,1,1,1
CP056779.1,3,1,1,2,1,1,1,1,1,1,1
CP020525.1,3,1,1,2,1,1,1,1,1,1,1
AP019007.1,3,1,1,2,1,1,1,1,1,1,1
CP011581.1,3,1,1,2,1,1,1,1,1,1,1
CP020817.3,3,1,1,2,1,1,1,1,1,1,1
CP143717.1,3,1,1,2,1,1,1,1,1,1,1
CP142124.1,3,1,1,2,1,1,1,1,1,1,1
CP091779.1,3,1,1,2,1,1,1,1,1,1,1
CP082280.1,3,1,1,2,1,1,1,1,1,1,1
CP154353.1,3,1,1,2,1,1,1,1,1,1,1
CP143681.1,3,1,1,2,1,1,1,1,1,1,1
CP133578.1,3,1,1,2,1,1,1,1,1,1,1
CP017087.1,3,1,1,2,1,1,1,1,1,1,1
CP129026.1,3,1,1,2,1,1,1,1,1,1,1
CP143745.1,3,1,1,2,1,1,1,1,1,1,1
CP043342.1,3,1,1,2,1,1,1,1,1,1,1
CP110983.1,3,1,1,2,1,1,1,1,1,1,1
CP027986.1,3,1,1,2,1,1,1,1,1,1,1
CP110533.1,3,1,1,2,1,1,1,1,1,1,1
CP043318.1,3,1,1,2,1,1,1,1,1,1,1
CP133346.1,3,1,1,2,1,1,1,1,1,1,1
CP071178.1,3,1,1,2,1,1,1,1,1,1,1
CP126604.1,3,1,1,2,1,1,1,1,1,1,1
CP162152.1,3,1,1,2,1,1,1,1,1,1,1
CP123376.1,3,1,1,2,1,1,1,1,1,1,1
CP025225.1,3,1,1,2,1,1,1,1,1,1,1
CP056779.1,3,1,1,2,1,1,1,1,1,1,1
CP020525.1,3,1,1,2,1,1,1,1,1,1,1
AP019007.1,3,1,1,2,1,1,1,1,1,1,1
CP011581.1,3,1,1,2,1,1,1,1,1,1,1
CP020817.3,3,1,1,2,1,1,1,1,1,1,1
CP143717.1,3,1,1,2,1,1,1,1,1,1,1
CP142124.1,3,1,1,2,1,1,1,1,1,1,1
CP091779.1,3,1,1,2,1,1,1,1,1,1,1
CP082280.1,3,1,1,2,1,1,1,1,1,1,1
CP154353.1,3,1,1,2,1,1,1,1,1,1,1
CP143681.1,3,1,1,2,1,1,1,1,1,1,1
CP133578.1,3,1,1,2,1,1,1,1,1,1,1
CP017087.1,3,1,1,2,1,1,1,1,1,1,1
CP129026.1,3,1,1,2,1,1,1,1,1,1,1
CP143745.1,3,1,1,2,1,1,1,1,1,1,1
CP043342.1,3,1,1,2,1,1,1,1,1,1,1
CP110983.1,3,1,1,2,1,1,1,1,1,1,1
CP027986.1,3,1,1,2,1,1,1,1,1,1,1
CP110533.1,3,1,1,2,1,1,1,1,1,1,1
CP043318.1,3,1,1,2,1,1,1,1,1,1,1
CP133346.1,3,1,1,2,1,1,1,1,1,1,1
CP071178.1,3,1,1,2,1,1,1,1,1,1,1
CP126604.1,3,1,1,2,1,1,1,1,1,1,1
CP162152.1,3,1,1,2,1,1,1,1,1,1,1
CP123376.1,3,1,1,2,1,1,1,1,1,1,1
CP025225.1,3,1,1,2,1,1,1,1,1,1,1
CP056779.1,3,1,1,2,1,1,1,1,1,1,1
CP020525.1,3,1,1,2,1,1,1,1,1,1,1
AP019007.1,3,1,1,2,1,1,1,1,1,1,1
CP011581.1,3,1,1,2,1,1,1,1,1,1,1
CP020817.3,3,1,1,2,1,1,1,1,1,1,1
CP143717.1,3,1,1,2,1,1,1,1,1,1,1
CP142124.1,3,1,1,2,1,1,1,1,1,1,1
CP091779.1,3,1,1,2,1,1,1,1,1,1,1
CP082280.1,3,1,1,2,1,1,1,1,1,1,1
CP154353.1,3,1,1,2,1,1,1,1,1,1,1
CP143681.1,3,1,1,2,1,1,1,1,1,1,1
CP133578.1,3,1,1,2,1,1,1,1,1,1,1
CP017087.1,3,1,1,2,1,1,1,1,1,1,1
CP129026.1,3,1,1,2,1,1,1,1,1,1,1
CP143745.1,3,1,1,2,1,1,1,1,1,1,1
CP043342.1,3,1,1,2,1,1,1,1,1,1,1
CP110983.1,3,1,1,2,1,1,1,1,1,1,1
CP027986.1,3,1,1,2,1,1,1,1,1,1,1
CP110533.1,3,1,1,2,1,1,1,1,1,1,1
CP043318.1,3,1,1,2,1,1,1,1,1,1,1
CP133346.1,3,1,1,2,1,1,1,1,1,1,1
CP071178.1,3,1,1,2,1,1,1,1,1,1,1
CP126604.1,3,1,1,2,1,1,1,1,1,1,1
CP162152.1,3,1,1,2,1,1,1,1,1,1,1
CP123376.1,3,1,1,2,1,1,1,1,1,1,1
CP025225.1,3,1,1,2,1,1,1,1,1,1,1
CP056779.1,3,1,1,2,1,1,1,1,1,1,1
CP020525.1,3,1,1,2,1,1,1,1,1,1,1
AP019007.1,3,1,1,2,1,1,1,1,1,1,1
CP011581.1,3,1,1,2,1,1,1,1,1,1,1
CP020817.3,3,1,1,2,1,1,1,1,1,1,1
CP143717.1,3,1,1,2,1,1,1,1,1,1,1
CP142124.1,3,1,1,2,1,1,1,1,1,1,1
CP091779.1,3,1,1,2,1,1,1,1,1,1,1
CP082280.1,3,1,1,2,1,1,1,1,1,1,1
CP154353.1,3,1,1,2,1,1,1,1,1,1,1
CP143681.1,3,1,1,2,1,1,1,1,1,1,1
CP133578.1,3,1,1,2,1,1,1,1,1,1,1
CP017087.1,3,1,1,2,1,1,1,1,1,1,1
CP129026.1,3,1,1,2,1,1,1,1,1,1,1
CP143745.1,3,1,1,2,1,1,1,1,1,1,1
CP043342.1,3,1,1,2,1,1,1,1,1,1,1
CP110983.1,3,1,1,2,1,1,1,1,1,1,1
CP027986.1,3,1,1,2,1,1,1,1,1,1,1
CP110533.1,3,1,1,2,1,1,1,1,1,1,1
CP043318.1,3,1,1,2,1,1,1,1,1,1,1
CP133346.1,3,1,1,2,1,1,1,1,1,1,1
CP071178.1,3,1,1,2,1,1,1,1,1,1,1
CP126604.1,3,1,1,2,1,1,1,1,1,1,1
CP162152.1,3,1,1,2,1,1,1,1,1,1,1
CP123376.1,3,1,1,2,1,1,1,1,1,1,1
CP025225.1,3,1,1,2,1,1,1,1,1,1,1
CP056779.1,3,1,1,2,1,1,1,1,1,1,1
CP020525.1,3,1,1,2,1,1,1,1,1,1,1
AP019007.1,3,1,1,2,1,1,1,1,1,1,1
CP011581.1,3,1,1,2,1,1,1,1,1,1,1
CP020817.3,3,1,1,2,1,1,1,1,1,1,1
CP143717.1,3,1,1,2,1,1,1,1,1,1,1
CP142124.1,3,1,1,2,1,1,1,1,1,1,1
CP091779.1,3,1,1,2,1,1,1,1,1,1,1
CP082280.1,3,1,1,2,1,1,1,1,1,1,1
CP154353.1,3,1,1,2,1,1,1,1,1,1,1
CP143681.1,3,1,1,2,1,1,1,1,1,1,1
CP133578.1,3,1,1,2,1,1,1,1,1,1,1
CP017087.1,3,1,1,2,1,1,1,1,1,1,1
CP129026.1,3,1,1,2,1,1,1,1,1,1,1
CP143745.1,3,1,1,2,1,1,1,1,1,1,1
CP043342.1,3,1,1,2,1,1,1,1,1,1,1
CP110983.1,3,1,1,2,1,1,1,1,1,1,1
CP027986.1,3,1,1,2,1,1,1,1,1,1,1
CP110533.1,3,1,1,2,1,1,1,1,1,1,1
CP043318.1,3,1,1,2,1,1,1,1,1,1,1
CP133346.1,3,1,1,2,1,1,1,1,1,1,1
CP071178.1,3,1,1,2,1,1,1,1,1,1,1
CP126604.1,3,1,1,2,1,1,1,1,1,1,1
CP162152.1,3,1,1,2,1,1,1,1,1,1,1
CP123376.1,3,1,1,2,1,1,1,1,1,1,1
CP025225.1,3,1,1,2,1,1,1,1,1,1,1
CP056779.1,3,1,1,2,1,1,1,1,1,1,1
CP020525.1,3,1,1,2,1,1,1,1,1,1,1
AP019007.1,3,1,1,2,1,1,1,1,1,1,1
CP011581.1,3,1,1,2,1,1,1,1,1,1,1
CP020817.3,3,1,1,2,1,1,1,1,1,1,1
CP143717.1,3,1,1,2,1,1,1,1,1,1,1
CP142124.1,3,1,1,2,1,1,1,1,1,1,1
CP091779.1,3,1,1,2,1,1,1,1,1,1,1
CP082280.1,3,1,1,2,1,1,1,1,1,1,1
CP154353.1,3,1,1,2,1,1,1,1,1,1,1
CP143681.1,3,1,1,2,1,1,1,1,1,1,1
CP133578.1,3,1,1,2,1,1,1,1,1,1,1
CP017087.1,3,1,1,2,1,1,1,1,1,1,1
CP129026.1,3,1,1,2,1,1,1,1,1,1,1
CP143745.1,3,1,1,2,1,1,1,1,1,1,1
CP043342.1,3,1,1,2,1,1,1,1,1,1,1
CP110983.1,3,1,1,2,1,1,1,1,1,1,1
CP027986.1,3,1,1,2,1,1,1,1,1,1,1
CP110533.1,3,1,1,2,1,1,1,1,1,1,1
CP043318.1,3,1,1,2,1,1,1,1,1,1,1
CP133346.1,3,1,1,2,1,1,1,1,1,1,1
CP071178.1,3,1,1,2,1,1,1,1,1,1,1
CP126604.1,3,1,1,2,1,1,1,1,1,1,1
CP162152.1,3,1,1,2,1,1,1,1,1,1,1
CP123376.1,3,1,1,2,1,1,1,1,1,1,1
CP025225.1,3,1,1,2,1,1,1,1,1,1,1
CP056779.1,3,1,1,2,1,1,1,1,1,1,1
CP020525.1,3,1,1,2,1,1,1,1,1,1,1
AP019007.1,3,1,1,2,1,1,1,1,1,1,1
CP011581.1,3,1,1,2,1,1,1,1,1,1,1
CP020817.3,3,1,1,2,1,1,1,1,1,1,1
CP143717.1,3,1,1,2,1,1,1,1,1,1,1
CP142124.1,3,1,1,2,1,1,1,1,1,1,1
CP091779.1,3,1,1,2,1,1,1,1,1,1,1
CP082280.1,3,1,1,2,1,1,1,1,1,1,1
CP154353.1,3,1,1,2,1,1,1,1,1,1,1
CP143681.1,3,1,1,2,1,1,1,1,1,1,1
CP133578.1,3,1,1,2,1,1,1,1,1,1,1
CP017087.1,3,1,1,2,1,1,1,1,1,1,1
CP129026.1,3,1,1,2,1,1,1,1,1,1,1
CP143745.1,3,1,1,2,1,1,1,1,1,1,1
CP043342.1,3,1,1,2,1,1,1,1,1,1,1
CP110983.1,3,1,1,2,1,1,1,1,1,1,1
CP027986.1,3,1,1,2,1,1,1,1,1,1,1
CP110533.1,3,1,1,2,1,1,1,1,1,1,1
CP043318.1,3,1,1,2,1,1,1,1,1,1,1
CP133346.1,3,1,1,2,1,1,1,1,1,1,1
CP071178.1,3,1,1,2,1,1,1,1,1,1,1
CP126604.1,3,1,1,2,1,1,1,1,1,1,1
CP162152.1,3,1,1,2,1,1,1,1,1,1,1
CP123376.1,3,1,1,2,1,1,1,1,1,1,1
CP025225.1,3,1,1,2,1,1,1,1,1,1,1
CP056779.1,3,1,1,2,1,1,1,1,1,1,1
CP020525.1,3,1,1,2,1,1,1,1,1,1,1
AP019007.1,3,1,1,2,1,1,1,1,1,1,1
CP011581.1,3,1,1,2,1,1,1,1,1,1,1
CP020817.3,3,1,1,2,1,1,1,1,1,1,1
CP143717.1,3,1,1,2,1,1,1,1,1,1,1
CP142124.1,3,1,1,2,1,1,1,1,1,1,1
CP091779.1,3,1,1,2,1,1,1,1,1,1,1
CP082280.1,3,1,1,2,1,1,1,1,1,1,1
CP154353.1,3,1,1,2,1,1,1,1,1,1,1
CP143681.1,3,1,1,2,1,1,1,1,1,1,1
CP133578.1,3,1,1,2,1,1,1,1,1,1,1
CP017087.1,3,1,1,2,1,1,1,1,1,1,1
CP129026.1,3,1,1,2,1,1,1,1,1,1,1
CP143745.1,3,1,1,2,1,1,1,1,1,1,1
CP043342.1,3,1,1,2,1,1,1,1,1,1,1
CP110983.1,3,1,1,2,1,1,1,1,1,1,1
CP027986.1,3,1,1,2,1,1,1,1,1,1,1
CP110533.1,3,1,1,2,1,1,1,1,1,1,1
CP043318.1,3,1,1,2,1,1,1,1,1,1,1
CP133346.1,3,1,1,2,1,1,1,1,1,1,1
CP071178.1,3,1,1,2,1,1,1,1,1,1,1
CP126604.1,3,1,1,2,1,1,1,1,1,1,1
CP162152.1,3,1,1,2,1,1,1,1,1,1,1
CP123376.1,3,1,1,2,1,1,1,1,1,1,1
CP025225.1,3,1,1,2,1,1,1,1,1,1,1
CP056779.1,3,1,1,2,1,1,1,1,1,1,1
CP020525.1,3,1,1,2,1,1,1,1,1,1,1
AP019007.1,3,1,1,2,1,1,1,1,1,1,1
CP011581.1,3,1,1,2,1,1,1,1,1,1,1
CP020817.3,3,1,1,2,1,1,1,1,1,1,1
CP143717.1,3,1,1,2,1,1,1,1,1,1,1
CP142124.1,3,1,1,2,1,1,1,1,1,1,1
CP091779.1,3,1,1,2,1,1,1,1,1,1,1
CP082280.1,3,1,1,2,1,1,1,1,1,1,1
CP154353.1,3,1,1,2,1,1,1,1,1,1,1
CP143681.1,3,1,1,2,1,1,1,1,1,1,1
CP133578.1,3,1,1,2,1,1,1,1,1,1,1
CP017087.1,3,1,1,2,1,1,1,1,1,1,1
CP129026.1,3,1,1,2,1,1,1,1,1,1,1
CP143745.1,3,1,1,2,1,1,1,1,1,1,1
CP043342.1,3,1,1,2,1,1,1,1,1,1,1
CP110983.1,3,1,1,2,1,1,1,1,1,1,1
CP027986.1,3,1,1,2,1,1,1,1,1,1,1
CP110533.1,3,1,1,2,1,1,1,1,1,1,1
CP043318.1,3,1,1,2,1,1,1,1,1,1,1
CP133346.1,3,1,1,2,1,1,1,1,1,1,1
CP071178.1,3,1,1,2,1,1,1,1,1,1,1
CP126604.1,3,1,1,2,1,1,1,1,1,1,1
CP162152.1,3,1,1,2,1,1,1,1,1,1,1
CP123376.1,3,1,1,2,1,1,1,1,1,1,1
CP025225.1,3,1,1,2,1,1,1,1,1,1,1
CP056779.1,3,1,1,2,1,1,1,1,1,1,1
CP020525.1,3,1,1,2,1,1,1,1,1,1,1
AP019007.1,3,1,1,2,1,1,1,1,1,1,1
CP011581.1,3,1,1,2,1,1,1,1,1,1,1
CP020817.3,3,1,1,2,1,1,1,1,1,1,1
CP143717.1,3,1,1,2,1,1,1,1,1,1,1
CP142124.1,3,1,1,2,1,1,1,1,1,1,1
CP091779.1,3,1,1,2,1,1,1,1,1,1,1
CP082280.1,3,1,1,2,1,1,1,1,1,1,1
CP154353.1,3,1,1,2,1,1,1,1,1,1,1
CP143681.1,3,1,1,2,1,1,1,1,1,1,1
CP133578.1,3,1,1,2,1,1,1,1,1,1,1
CP017087.1,3,1,1,2,1,1,1,1,1,1,1
CP129026.1,3,1,1,2,1,1,1,1,1,1,1
CP143745.1,3,1,1,2,1,1,1,1,1,1,1
CP043342.1,3,1,1,2,1,1,1,1,1,1,1
CP110983.1,3,1,1,2,1,1,1,1,1,1,1
CP027986.1,3,1,1,2,1,1,1,1,1,1,1
CP110533.1,3,1,1,2,1,1,1,1,1,1,1
CP043318.1,3,1,1,2,1,1,1,1,1,1,1
CP133346.1,3,1,1,2,1,1,1,1,1,1,1
CP071178.1,3,1,1,2,1,1,1,1,1,1,1
CP126604.1,3,1,1,2,1,1,1,1,1,1,1
CP162152.1,3,1,1,2,1,1,1,1,1,1,1
CP123376.1,3,1,1,2,1,1,1,1,1,1,1
CP025225.1,3,1,1,2,1,1,1,1,1,1,1
CP056779.1,3,1,1,2,1,1,1,1,1,1,1
CP020525.1,3,1,1,2,1,1,1,1,1,1,1
AP019007.1,3,1,1,2,1,1,1,1,1,1,1
CP011581.1,3,1,1,2,1,1,1,1,1,1,1
CP020817.3,3,1,1,2,1,1,1,1,1,1,1
CP143717.1,3,1,1,2,1,1,1,1,1,1,1
CP142124.1,3,1,1,2,1,1,1,1,1,1,1
CP091779.1,3,1,1,2,1,1,1,1,1,1,1
CP082280.1,3,1,1,2,1,1,1,1,1,1,1
CP154353.1,3,1,1,2,1,1,1,1,1,1,1
CP143681.1,3,1,1,2,1,1,1,1,1,1,1
CP133578.1,3,1,1,2,1,1,1,1,1,1,1
CP017087.1,3,1,1,2,1,1,1,1,1,1,1
CP129026.1,3,1,1,2,1,1,1,1,1,1,1
CP143745.1,3,1,1,2,1,1,1,1,1,1,1
CP043342.1,3,1,1,2,1,1,1,1,1,1,1
CP110983.1,3,1,1,2,1,1,1,1,1,1,1
CP027986.1,3,1,1,2,1,1,1,1,1,1,1
CP110533.1,3,1,1,2,1,1,1,1,1,1,1
CP043318.1,3,1,1,2,1,1,1,1,1,1,1
CP133346.1,3,1,1,2,1,1,1,1,1,1,1
CP071178.1,3,1,1,2,1,1,1,1,1,1,1
CP126604.1,3,1,1,2,1,1,1,1,1,1,1
CP162152.1,3,1,1,2,1,1,1,1,1,1,1
CP123376.1,3,1,1,2,1,1,1,1,1,1,1
CP025225.1,3,1,1,2,1,1,1,1,1,1,1
CP056779.1,3,1,1,2,1,1,1,1,1,1,1
CP020525.1,3,1,1,2,1,1,1,1,1,1,1
AP019007.1,3,1,1,2,1,1,1,1,1,1,1
CP011581.1,3,1,1,2,1,1,1,1,1,1,1
CP020817.3,3,1,1,2,1,1,1,1,1,1,1
CP143717.1,3,1,1,2,1,1,1,1,1,1,1
CP142124.1,3,1,1,2,1,1,1,1,1,1,1
CP091779.1,3,1,1,2,1,1,1,1,1,1,1
CP082280.1,3,1,1,2,1,1,1,1,1,1,1
CP154353.1,3,1,1,2,1,1,1,1,1,1,1
CP143681.1,3,1,1,2,1,1,1,1,1,1,1
CP133578.1,3,1,1,2,1,1,1,1,1,1,1
CP017087.1,3,1,1,2,1,1,1,1,1,1,1
CP129026.1,3,1,1,2,1,1,1,1,1,1,1
CP143745.1,3,1,1,2,1,1,1,1,1,1,1
CP043342.1,3,1,1,2,1,1,1,1,1,1,1
CP110983.1,3,1,1,2,1,1,1,1,1,1,1
CP027986.1,3,1,1,2,1,1,1,1,1,1,1
CP110533.1,3,1,1,2,1,1,1,1,1,1,1
CP043318.1,3,1,1,2,1,1,1,1,1,1,1
CP133346.1,3,1,1,2,1,1,1,1,1,1,1
CP071178.1,3,1,1,2,1,1,1,1,1,1,1
CP126604.1,3,1,1,2,1,1,1,1,1,1,1
CP162152.1,3,1,1,2,1,1,1,1,1,1,1
CP123376.1,3,1,1,2,1,1,1,1,1,1,1
CP025225.1,3,1,1,2,1,1,1,1,1,1,1
CP056779.1,3,1,1,2,1,1,1,1,1,1,1
CP020525.1,3,1,1,2,1,1,1,1,1,1,1
AP019007.1,3,1,1,2,1,1,1,1,1,1,1
CP011581.1,3,1,1,2,1,1,1,1,1,1,1
CP020817.3,3,1,1,2,1,1,1,1,1,1,1
CP143717.1,3,1,1,2,1,1,1,1,1,1,1
CP142124.1,3,1,1,2,1,1,1,1,1,1,1
CP091779.1,3,1,1,2,1,1,1,1,1,1,1
CP082280.1,3,1,1,2,1,1,1,1,1,1,1
CP154353.1,3,1,1,2,1,1,1,1,1,1,1
CP143681.1,3,1,1,2,1,1,1,1,1,1,1
CP133578.1,3,1,1,2,1,1,1,1,1,1,1
CP017087.1,3,1,1,2,1,1,1,1,1,1,1
CP129026.1,3,1,1,2,1,1,1,1,1,1,1
CP143745.1,3,1,1,2,1,1,1,1,1,1,1
CP043342.1,3,1,1,2,1,1,1,1,1,1,1
CP110983.1,3,1,1,2,1,1,1,1,1,1,1
CP027986.1,3,1,1,2,1,1,1,1,1,1,1
CP110533.1,3,1,1,2,1,1,1,1,1,1,1
CP043318.1,3,1,1,2,1,1,1,1,1,1,1
CP133346.1,3,1,1,2,1,1,1,1,1,1,1
CP071178.1,3,1,1,2,1,1,1,1,1,1,1
CP125781.1,3,1,1,-1,1,1,1,1,1,1,1
CP050811.1,3,-1,1,2,1,1,1,1,-1,1,1
CP074352.1,3,1,1,2,1,1,1,1,1,1,1
CP134402.1,3,1,1,2,1,1,1,1,1,1,1
CP139140.1,3,1,1,1,1,1,-1,-1,-1,-1,-1
CP093332.1,3,1,1,1,1,1,-1,-1,-1,-1,-1
AP023184.1,3,1,1,1,1,1,-1,-1,-1,-1,-1
CP133838.1,3,1,1,1,1,1,-1,-1,-1,-1,-1
CP110080.1,3,1,1,1,1,1,-1,-1,-1,-1,-1
CP040428.1,3,-1,-1,-1,1,1,1,1,2,1,1
CP022823.1,3,1,2,2,1,1,1,1,1,1,1
OW849334.1,3,1,2,2,1,1,1,1,1,1,1
CP062138.1,3,1,2,2,1,1,1,1,1,1,1
CP059391.1,3,1,2,2,1,1,1,1,1,1,1
AP022547.1,3,1,2,2,1,1,1,1,1,1,1
CP056682.1,3,1,2,2,1,1,1,1,1,1,1
CP082360.1,3,1,2,2,1,1,1,1,1,1,1
CP073236.1,3,1,2,2,1,1,1,1,1,1,1
CP114308.1,3,1,2,2,1,1,1,1,1,1,1
CP119320.1,3,1,2,2,1,1,1,1,1,1,1
CP042530.1,3,1,2,2,1,1,1,1,1,1,1
CP154227.1,3,1,2,2,1,1,1,1,1,1,1
CP041247.1,3,1,2,2,1,1,1,1,1,1,1
CP022823.1,3,1,2,2,1,1,1,1,1,1,1
OW849334.1,3,1,2,2,1,1,1,1,1,1,1
CP062138.1,3,1,2,2,1,1,1,1,1,1,1
CP059391.1,3,1,2,2,1,1,1,1,1,1,1
AP022547.1,3,1,2,2,1,1,1,1,1,1,1
CP056682.1,3,1,2,2,1,1,1,1,1,1,1
CP082360.1,3,1,2,2,1,1,1,1,1,1,1
CP073236.1,3,1,2,2,1,1,1,1,1,1,1
CP114308.1,3,1,2,2,1,1,1,1,1,1,1
CP119320.1,3,1,2,2,1,1,1,1,1,1,1
CP042530.1,3,1,2,2,1,1,1,1,1,1,1
CP154227.1,3,1,2,2,1,1,1,1,1,1,1
CP041247.1,3,1,2,2,1,1,1,1,1,1,1
CP022823.1,3,1,2,2,1,1,1,1,1,1,1
OW849334.1,3,1,2,2,1,1,1,1,1,1,1
CP062138.1,3,1,2,2,1,1,1,1,1,1,1
CP059391.1,3,1,2,2,1,1,1,1,1,1,1
AP022547.1,3,1,2,2,1,1,1,1,1,1,1
CP056682.1,3,1,2,2,1,1,1,1,1,1,1
CP082360.1,3,1,2,2,1,1,1,1,1,1,1
CP073236.1,3,1,2,2,1,1,1,1,1,1,1
CP114308.1,3,1,2,2,1,1,1,1,1,1,1
CP119320.1,3,1,2,2,1,1,1,1,1,1,1
CP042530.1,3,1,2,2,1,1,1,1,1,1,1
CP154227.1,3,1,2,2,1,1,1,1,1,1,1
CP041247.1,3,1,2,2,1,1,1,1,1,1,1
CP022823.1,3,1,2,2,1,1,1,1,1,1,1
OW849334.1,3,1,2,2,1,1,1,1,1,1,1
CP062138.1,3,1,2,2,1,1,1,1,1,1,1
CP059391.1,3,1,2,2,1,1,1,1,1,1,1
AP022547.1,3,1,2,2,1,1,1,1,1,1,1
CP056682.1,3,1,2,2,1,1,1,1,1,1,1
CP082360.1,3,1,2,2,1,1,1,1,1,1,1
CP073236.1,3,1,2,2,1,1,1,1,1,1,1
CP114308.1,3,1,2,2,1,1,1,1,1,1,1
CP119320.1,3,1,2,2,1,1,1,1,1,1,1
CP042530.1,3,1,2,2,1,1,1,1,1,1,1
CP154227.1,3,1,2,2,1,1,1,1,1,1,1
CP041247.1,3,1,2,2,1,1,1,1,1,1,1
CP022823.1,3,1,2,2,1,1,1,1,1,1,1
OW849334.1,3,1,2,2,1,1,1,1,1,1,1
CP062138.1,3,1,2,2,1,1,1,1,1,1,1
CP059391.1,3,1,2,2,1,1,1,1,1,1,1
AP022547.1,3,1,2,2,1,1,1,1,1,1,1
CP056682.1,3,1,2,2,1,1,1,1,1,1,1
CP082360.1,3,1,2,2,1,1,1,1,1,1,1
CP073236.1,3,1,2,2,1,1,1,1,1,1,1
CP114308.1,3,1,2,2,1,1,1,1,1,1,1
CP119320.1,3,1,2,2,1,1,1,1,1,1,1
CP042530.1,3,1,2,2,1,1,1,1,1,1,1
CP154227.1,3,1,2,2,1,1,1,1,1,1,1
CP041247.1,3,1,2,2,1,1,1,1,1,1,1
CP022823.1,3,1,2,2,1,1,1,1,1,1,1
OW849334.1,3,1,2,2,1,1,1,1,1,1,1
CP062138.1,3,1,2,2,1,1,1,1,1,1,1
CP059391.1,3,1,2,2,1,1,1,1,1,1,1
AP022547.1,3,1,2,2,1,1,1,1,1,1,1
CP056682.1,3,1,2,2,1,1,1,1,1,1,1
CP082360.1,3,1,2,2,1,1,1,1,1,1,1
CP073236.1,3,1,2,2,1,1,1,1,1,1,1
CP114308.1,3,1,2,2,1,1,1,1,1,1,1
CP119320.1,3,1,2,2,1,1,1,1,1,1,1
CP042530.1,3,1,2,2,1,1,1,1,1,1,1
CP154227.1,3,1,2,2,1,1,1,1,1,1,1
CP041247.1,3,1,2,2,1,1,1,1,1,1,1
CP022823.1,3,1,2,2,1,1,1,1,1,1,1
OW849334.1,3,1,2,2,1,1,1,1,1,1,1
CP062138.1,3,1,2,2,1,1,1,1,1,1,1
CP059391.1,3,1,2,2,1,1,1,1,1,1,1
AP022547.1,3,1,2,2,1,1,1,1,1,1,1
CP056682.1,3,1,2,2,1,1,1,1,1,1,1
CP082360.1,3,1,2,2,1,1,1,1,1,1,1
CP073236.1,3,1,2,2,1,1,1,1,1,1,1
CP114308.1,3,1,2,2,1,1,1,1,1,1,1
CP119320.1,3,1,2,2,1,1,1,1,1,1,1
CP042530.1,3,1,2,2,1,1,1,1,1,1,1
CP154227.1,3,1,2,2,1,1,1,1,1,1,1
CP041247.1,3,1,2,2,1,1,1,1,1,1,1
CP149436.1,3,-1,1,1,-1,-1,1,1,1,1,1
CP026167.1,3,-1,1,1,-1,-1,1,1,1,1,1
CP106665.1,3,-1,1,1,-1,-1,1,1,1,1,1
CP076838.1,3,-1,1,1,-1,-1,1,1,1,1,1
CP149436.1,3,-1,1,1,-1,-1,1,1,1,1,1
CP026167.1,3,-1,1,1,-1,-1,1,1,1,1,1
CP106665.1,3,-1,1,1,-1,-1,1,1,1,1,1
CP076838.1,3,-1,1,1,-1,-1,1,1,1,1,1
CP020388.1,3,1,1,2,1,1,1,1,-1,1,-1
CP086374.1,3,1,1,1,1,1,-1,-1,-1,-1,-1
CP044121.1,3,1,1,2,1,1,1,1,1,1,1
CP033683.1,3,1,1,2,1,1,1,1,1,1,1
CP128837.1,3,1,1,2,1,1,1,1,1,1,1
LR595855.1,3,1,1,2,1,1,1,1,1,1,1
CP030874.1,3,1,1,2,1,1,1,1,1,1,1
CP172746.1,3,1,1,2,1,1,1,1,1,1,1
LR133996.1,3,1,-1,-1,1,-1,-1,-1,-1,-1,-1
LR134215.1,3,1,-1,-1,1,-1,-1,-1,-1,-1,-1
LR133996.1,3,1,-1,-1,1,-1,-1,-1,-1,-1,-1
LR134215.1,3,1,-1,-1,1,-1,-1,-1,-1,-1,-1
CP074352.1,3,1,1,2,1,1,1,1,1,1,1
CP134402.1,3,1,1,2,1,1,1,1,1,1,1
